SD;X1;X2;x1_res;x2_res;y;f_calls;g_calls;CG;x1_res;x2_res;y;f_calls;g_calls;Newton;x1_res;x2_res;y;f_calls;g_calls
;1,115329;0,681845;0,000313;-0,000182;1,7171e-07; 289;9;;0,000780;-0,001881;3,28785e-06; 765;28;;1,747552;-0,873776;0,298638; 225;5
;0,137394;-0,555986;0,000041;-0,000167;2,45222e-08; 253;8;;0,000062;-0,000032;6,83011e-09; 97;4;;-0,000000;-0,000000;9,69032e-21; 109;3
;-1,912351;1,713858;-1,747446;0,875408;0,298641; 526;21;;-1,747549;0,873938;0,298638; 229;9;;-1,747552;0,873776;0,298638; 145;4
;-1,580309;0,781457;-1,747377;0,872841;0,298639; 219;8;;-1,747628;0,874463;0,298639; 109;5;;-1,747552;0,873776;0,298638; 106;3
;0,561235;1,719474;0,000176;-0,000065;5,48e-08; 262;8;;0,000065;-0,000107;1,28029e-08; 262;9;;-1,747552;0,873776;0,298638; 102;3
;-0,523270;0,335032;-0,000064;0,000396;1,3997e-07; 286;9;;0,000010;0,000085;8,28351e-09; 193;7;;-0,000000;0,000000;1,01611e-14; 103;3
;-0,109684;-0,730674;0,000216;-0,000312;1,23362e-07; 283;9;;0,000077;-0,000172;2,81341e-08; 130;5;;0,000000;-0,000000;6,01027e-21; 109;3
;-0,308908;-1,330424;0,000208;-0,000316;1,2075e-07; 283;9;;-0,000004;0,000019;3,2891e-10; 226;8;;-0,000000;-0,000000;1,27207e-14; 109;3
;-0,757408;0,277657;-0,000150;0,000024;4,2173e-08; 193;6;;0,000192;-0,000559;2,79044e-07; 313;11;;-0,000000;0,000000;2,08643e-14; 115;3
;1,073092;0,498611;0,000203;-0,000102;7,18393e-08; 289;9;;0,000192;-0,000197;7,46375e-08; 406;14;;1,070542;-0,535271;0,877362; 73;2
;-1,755119;-1,439924;-0,000194;0,000303;1,08343e-07; 289;9;;-0,000581;0,001418;1,86229e-06; 412;14;;-1,747552;0,873776;0,298638; 73;2
;-1,916990;0,716147;-1,747242;0,872203;0,298641; 244;9;;-1,747419;0,873417;0,298639; 139;6;;-1,747552;0,873776;0,298638; 150;4
;-0,610920;-0,879482;0,000165;-0,000280;8,6374e-08; 220;7;;-0,000054;0,000118;1,33656e-08; 190;7;;-0,000000;-0,000000;9,98313e-21; 171;5
;0,274850;-1,032563;0,000076;-0,000304;8,09615e-08; 253;8;;-0,000065;0,000196;3,40897e-08; 265;9;;0,000000;-0,000000;8,79751e-16; 109;3
;0,818934;-1,712882;0,000204;-0,000088;7,32398e-08; 300;9;;0,000990;-0,002462;5,58452e-06; 853;33;;1,747552;-0,873776;0,298638; 190;5
;0,383740;1,884518;-0,000248;0,000119;1,08033e-07; 292;9;;0,000649;-0,000591;8,0875e-07; 569;20;;0,000000;0,000000;6,87308e-20; 145;4
;-1,874508;0,827113;-1,747401;0,873196;0,298639; 134;5;;-1,747556;0,873588;0,298638; 164;7;;-1,747552;0,873776;0,298638; 150;4
;-0,514359;-1,891110;0,000057;0,000101;2,24571e-08; 262;8;;0,000007;0,000384;1,50239e-07; 325;11;;1,747552;-0,873776;0,298638; 145;4
;-0,223823;0,161443;-0,000235;0,000174;9,96951e-08; 253;8;;-0,000064;0,000137;1,81675e-08; 130;5;;0,000000;0,000000;1,72853e-20; 109;3
;-1,149388;1,230811;-1,747207;0,872010;0,298642; 419;15;;-1,747455;0,873472;0,298639; 307;12;;-1,070542;0,535271;0,877362; 73;2
;-1,200293;1,807001;-1,747436;0,873722;0,298639; 142;5;;-1,747406;0,873340;0,298639; 255;10;;0,000000;-0,000000;6,20303e-16; 178;4
;-1,882565;1,765130;-1,747743;0,874776;0,298639; 496;18;;-1,747442;0,873087;0,298639; 169;7;;-1,747552;0,873776;0,298638; 145;4
;1,355571;0,169866;1,747922;-0,875741;0,298642; 340;12;;1,747424;-0,872976;0,298639; 255;10;;0,000000;-0,000000;3,49292e-15; 184;5
;1,413434;-0,706381;1,747318;-0,872563;0,29864; 224;8;;1,747589;-0,873821;0,298638; 172;7;;1,747552;-0,873776;0,298638; 71;2
;-1,189306;0,815760;-1,747187;0,871929;0,298642; 447;16;;-1,747559;0,873777;0,298638; 399;15;;0,000000;-0,000000;8,09624e-21; 237;6
;-0,956267;-0,105899;-0,000131;0,000207;5,01119e-08; 286;9;;0,000565;-0,000480;5,97412e-07; 569;21;;-1,747552;0,873776;0,298638; 206;5
;-0,051332;-1,659047;0,000092;-0,000337;9,9714e-08; 256;8;;-0,000366;0,000561;3,77916e-07; 262;9;;0,000000;-0,000000;5,14561e-15; 73;2
;-1,622669;1,985595;-1,747902;0,875634;0,298642; 501;19;;-1,747505;0,874678;0,298639; 227;9;;-1,747552;0,873776;0,298638; 145;4
;1,937132;1,971191;-0,000107;0,000207;4,36846e-08; 223;7;;-0,000010;-0,000042;2,35857e-09; 163;6;;1,747552;-0,873776;0,298638; 145;4
;-0,447829;-0,289621;-0,000098;0,000575;2,93113e-07; 160;5;;0,000084;-0,000214;4,20572e-08; 163;6;;-0,000000;-0,000000;2,88334e-14; 106;3
;0,677816;-0,989715;-0,000188;0,000255;8,77548e-08; 166;5;;0,000159;-0,000322;1,03121e-07; 349;12;;0,000000;-0,000000;1,2559e-20; 176;5
;1,626331;-1,017060;1,747549;-0,875345;0,298641; 274;10;;1,747561;-0,873888;0,298638; 109;5;;1,747552;-0,873776;0,298638; 145;4
;-0,835170;0,268014;-0,000057;0,000235;4,82625e-08; 289;9;;0,000340;-0,001005;9,00256e-07; 313;11;;0,000000;-0,000000;9,53023e-21; 151;4
;-1,201392;-0,674886;-0,000033;0,000067;4,48516e-09; 231;7;;0,000633;-0,001760;2,78608e-06; 1000;39;;0,000000;-0,000000;7,49152e-16; 178;4
;-1,525254;1,586413;-1,747757;0,874870;0,29864; 466;17;;-1,747544;0,873838;0,298638; 225;9;;-1,747552;0,873776;0,298638; 139;4
;0,325877;0,617267;-0,000099;0,000176;3,3065e-08; 220;7;;0,000023;-0,000239;5,29078e-08; 163;6;;0,000000;0,000000;1,92703e-14; 109;3
;-1,984375;1,594714;-1,747922;0,875731;0,298642; 436;16;;-1,747404;0,873771;0,298639; 285;11;;-1,747552;0,873776;0,298638; 145;4
;1,759392;-0,112613;1,747557;-0,872089;0,298641; 446;16;;1,747544;-0,873767;0,298638; 230;9;;1,747552;-0,873776;0,298638; 73;2
;1,658437;1,815668;0,000050;-0,000243;5,17892e-08; 322;10;;-0,000938;0,001652;2,93825e-06; 608;22;;1,747552;-0,873776;0,298638; 109;3
;1,126682;1,265114;0,000250;-0,000141;1,0933e-07; 289;9;;0,000131;-0,000079;3,03145e-08; 355;12;;1,747552;-0,873776;0,298638; 261;6
;0,375195;1,247658;-0,000139;0,000218;5,60804e-08; 283;9;;-0,000020;-0,000231;5,87804e-08; 163;6;;0,000000;0,000000;3,05029e-20; 145;4
;-0,315378;0,224311;-0,000120;0,000194;4,30201e-08; 253;8;;0,000073;0,000222;7,60854e-08; 193;7;;-0,000000;0,000000;7,43254e-18; 109;3
;0,012513;-0,451125;0,000055;-0,000232;4,69525e-08; 253;8;;-0,000132;0,000221;5,45129e-08; 256;9;;-0,000000;-0,000000;9,17893e-17; 73;2
;0,866909;1,239357;-0,000107;0,000181;3,61653e-08; 226;7;;0,000074;-0,000154;2,31113e-08; 196;7;;1,747552;-0,873776;0,298638; 162;4
;0,820521;0,948210;0,000082;-0,000160;2,59393e-08; 190;6;;0,000002;-0,000002;5,30507e-12; 202;7;;1,747552;-0,873776;0,298638; 195;5
;-0,948210;1,981811;-1,747540;0,872591;0,29864; 394;14;;-1,747566;0,874685;0,298639; 365;14;;-1,747552;0,873776;0,298638; 170;4
;1,365093;1,006684;1,747556;-0,872173;0,298641; 458;16;;1,791231;-0,735770;0,3362; 161;6;;-0,000000;-0,000000;7,00973e-21; 190;5
;-0,223701;-0,820643;-0,000092;-0,000362;1,8166e-07; 253;8;;0,000049;-0,000083;7,65803e-09; 94;4;;-0,000000;-0,000000;1,27756e-17; 109;3
;1,449080;0,357128;1,747527;-0,873765;0,298638; 117;4;;1,747550;-0,873769;0,298638; 259;10;;0,000000;-0,000000;1,08516e-21; 109;3
;-0,981414;1,265481;-1,747259;0,872241;0,298641; 430;15;;-1,751300;0,852054;0,299278; 1003;36;;-1,747552;0,873776;0,298638; 173;4
;0,664998;-0,455763;0,000076;-0,000486;2,10392e-07; 286;9;;0,000182;-0,000738;4,75986e-07; 190;7;;-0,000000;-0,000000;1,78568e-17; 107;3
;-0,821497;-1,058199;0,000120;-0,000206;4,645e-08; 226;7;;-0,000132;0,000291;8,079e-08; 196;7;;-1,747552;0,873776;0,298638; 195;5
;-0,793664;-0,908780;-0,000023;0,000047;2,2342e-09; 190;6;;-0,000128;0,000478;1,99762e-07; 196;7;;-1,747552;0,873776;0,298638; 190;5
;1,375835;-1,219092;1,747890;-0,875603;0,298642; 306;11;;1,747447;-0,874244;0,298639; 172;7;;1,747552;-0,873776;0,298638; 166;5
;1,561388;-1,081515;1,747475;-0,875287;0,298641; 309;12;;1,747571;-0,873853;0,298638; 134;6;;1,747552;-0,873777;0,298638; 106;3
;-0,305002;-1,008637;0,000100;-0,000159;2,93384e-08; 283;9;;-0,000090;0,000162;2,78846e-08; 130;5;;-0,000000;-0,000000;9,55381e-15; 109;3
;1,714347;1,238380;0,000133;0,000450;2,97846e-07; 177;5;;-0,000627;0,002206;4,27006e-06; 714;27;;1,747552;-0,873776;0,298638; 109;3
;1,000580;0,474319;-0,000030;-0,000311;1,07533e-07; 319;10;;0,000124;-0,000397;1,39475e-07; 436;15;;1,747552;-0,873776;0,298638; 178;4
;-1,519395;-0,947966;-1,747532;0,872015;0,298642; 397;14;;-1,747362;0,873385;0,298639; 208;8;;-1,747552;0,873776;0,298638; 178;5
;-0,052797;0,291330;-0,000059;0,000326;9,42739e-08; 253;8;;0,000023;-0,000129;1,4779e-08; 163;6;;0,000000;0,000000;4,58778e-15; 73;2
;-0,401074;-1,627186;0,000230;-0,000347;1,46304e-07; 283;9;;-0,000047;0,000003;4,33207e-09; 196;7;;-0,000000;-0,000000;2,16466e-19; 145;4
;0,809900;0,673421;0,000134;-0,000521;2,37316e-07; 223;7;;0,000063;-0,000087;1,00805e-08; 193;7;;1,747552;-0,873776;0,298638; 190;5
;-0,794275;0,300363;-0,000142;0,000020;3,78854e-08; 193;6;;0,000268;-0,000873;6,71742e-07; 313;11;;0,000000;-0,000000;6,55576e-16; 115;3
;-0,239692;0,693686;-0,000028;0,000087;6,69083e-09; 190;6;;0,000007;0,000109;1,27591e-08; 163;6;;-0,000000;0,000000;3,72516e-17; 109;3
;-0,681112;-0,928068;-0,000085;0,000018;1,32213e-08; 196;6;;-0,000079;0,000296;7,64887e-08; 160;6;;-1,747552;0,873776;0,298638; 145;4
;-0,786950;-0,272164;0,000191;-0,000290;1,0196e-07; 259;8;;-0,000124;0,000287;7,74523e-08; 190;7;;-0,000000;0,000000;6,20942e-17; 139;4
;-0,046693;-1,784051;0,000095;-0,000344;1,03483e-07; 256;8;;0,000026;-0,000134;1,59232e-08; 169;6;;0,000000;-0,000000;3,65729e-15; 73;2
;-0,133366;-0,169378;0,000062;-0,000122;1,49703e-08; 157;5;;-0,000053;-0,000304;1,13914e-07; 166;6;;0,000000;-0,000000;1,35471e-20; 109;3
;0,493728;0,930754;-0,000277;0,000467;2,42236e-07; 220;7;;-0,000032;0,000041;2,43394e-09; 157;6;;-0,000000;0,000000;7,07738e-16; 142;4
;-1,934446;0,149846;-1,747284;0,872422;0,29864; 466;17;;-1,747586;0,873374;0,298639; 219;9;;-1,747552;0,873776;0,298638; 145;4
;0,952239;0,815394;0,000254;-0,000356;1,65813e-07; 286;9;;-0,000099;0,000364;1,16204e-07; 316;11;;1,747552;-0,873776;0,298638; 170;4
;-1,892209;-1,495224;-0,000172;0,000241;7,56359e-08; 316;10;;-0,000028;0,000068;4,32906e-09; 262;9;;-1,747552;0,873776;0,298638; 109;3
;1,731437;1,077975;0,000091;-0,000380;1,2636e-07; 267;8;;-0,000460;0,000731;6,21771e-07; 618;22;;1,747552;-0,873777;0,298638; 73;2
;-0,878384;1,254738;0,000055;0,000228;7,03196e-08; 327;10;;0,000035;-0,000014;2,21642e-09; 273;9;;-1,747552;0,873776;0,298638; 198;5
;-1,478133;0,343699;-1,747525;0,871811;0,298642; 361;13;;-1,747451;0,873290;0,298639; 166;7;;0,000000;-0,000000;7,01548e-20; 139;4
;-1,861324;0,579669;-1,747554;0,871783;0,298642; 381;14;;-1,747555;0,873682;0,298638; 226;9;;-1,747552;0,873777;0,298638; 109;3
;-1,043062;1,191748;-1,747533;0,872349;0,29864; 397;14;;-1,756357;0,843009;0,300334; 1004;36;;-1,747552;0,873776;0,298638; 189;4
;0,987396;0,301828;0,000361;-0,000515;3,39539e-07; 286;9;;-0,001042;0,001725;3,34966e-06; 602;22;;1,747552;-0,873776;0,298638; 173;4
;1,650136;-0,459059;1,747307;-0,872445;0,29864; 386;14;;1,747539;-0,874025;0,298639; 171;7;;1,747552;-0,873776;0,298638; 145;4
;-1,369610;1,370464;-1,747777;0,874925;0,29864; 416;15;;-1,747490;0,873684;0,298638; 169;7;;0,000000;-0,000000;1,13526e-14; 145;4
;0,240425;-0,984954;0,000103;-0,000447;1,74787e-07; 253;8;;-0,000093;-0,000239;9,69292e-08; 193;7;;0,000000;-0,000000;5,92684e-17; 109;3
;0,574419;0,135075;-0,000058;-0,000117;2,72524e-08; 223;7;;-0,000080;-0,000327;1,4616e-07; 163;6;;1,747552;-0,873776;0,298638; 98;3
;1,071017;0,407178;0,000192;-0,000095;6,4445e-08; 289;9;;-0,000343;0,001205;1,27461e-06; 595;21;;1,070542;-0,535271;0,877362; 73;2
;-1,026948;-1,465560;-0,000178;0,000249;8,09177e-08; 286;9;;0,000072;0,000553;3,56467e-07; 226;8;;-1,747552;0,873776;0,298638; 186;4
;1,124851;-1,628407;1,747550;-0,872281;0,298641; 389;14;;1,747595;-0,872441;0,29864; 230;9;;1,747552;-0,873776;0,298638; 225;5
;-0,947722;-0,676840;-0,000255;0,000364;1,69685e-07; 286;9;;0,000218;-0,000716;4,51844e-07; 316;11;;-1,747552;0,873776;0,298638; 170;4
;-1,156346;-0,531693;-0,000056;0,000281;6,93156e-08; 322;10;;-0,000664;0,001909;3,2571e-06; 830;32;;-0,000000;-0,000000;6,0933e-17; 230;5
;1,479354;1,462508;1,747543;-0,872267;0,298641; 411;14;;1,758574;-1,039500;0,325029; 1003;35;;-1,747552;0,873776;0,298638; 139;4
;0,454909;1,681387;-0,000222;0,000336;1,37044e-07; 283;9;;0,000117;-0,000418;1,53342e-07; 163;6;;-0,000000;0,000000;4,36595e-16; 142;4
;0,302438;0,800745;0,000059;0,000180;5,01748e-08; 253;8;;0,000012;-0,000239;5,45166e-08; 163;6;;0,000000;0,000000;6,77231e-15; 109;3
;-1,569811;1,541978;-1,747806;0,875088;0,29864; 466;17;;-1,747618;0,875319;0,298641; 167;7;;-1,747552;0,873776;0,298638; 142;4
;-1,912961;-0,831996;-0,000089;0,000395;1,3695e-07; 286;9;;0,000075;-0,000168;2,68265e-08; 226;8;;-1,747552;0,873776;0,298638; 145;4
;0,704184;0,975799;-0,000257;0,000395;1,86856e-07; 199;6;;0,000024;-0,000003;1,07285e-09; 193;7;;1,747552;-0,873776;0,298638; 181;5
;1,870602;-0,991302;1,747554;-0,875136;0,29864; 299;11;;1,747496;-0,873744;0,298638; 197;8;;1,747552;-0,873776;0,298638; 150;4
;-0,726768;0,002869;-0,000088;-0,000222;8,45248e-08; 229;7;;0,000113;-0,000278;7,15167e-08; 286;10;;-0,000000;-0,000000;4,16861e-18; 146;4
;1,563219;-1,320658;1,747731;-0,874743;0,298639; 411;15;;1,747458;-0,873394;0,298639; 192;8;;1,747552;-0,873776;0,298638; 142;4
;0,804163;-0,586138;0,000188;-0,000100;6,21674e-08; 259;8;;0,000021;-0,000046;2,00696e-09; 163;6;;-0,000000;-0,000000;7,83986e-21; 151;4
;-1,580187;1,535020;-1,747787;0,874994;0,29864; 466;17;;-1,747526;0,873667;0,298638; 169;7;;-1,747552;0,873776;0,298638; 186;5
;-0,125431;-0,451735;-0,000049;-0,000180;4,63357e-08; 253;8;;0,000006;-0,000018;2,9551e-10; 94;4;;0,000000;-0,000000;8,89009e-21; 109;3
;1,206030;1,929563;0,000132;-0,000504;2,2247e-07; 256;8;;-0,000048;0,000229;4,61447e-08; 316;11;;-0,000000;0,000000;3,63087e-16; 178;4

Next step
;1,471786;-0,701987;1,747329;-0,872620;0,29864; 279;10;;1,747477;-0,873692;0,298638; 172;7;;1,747552;-0,873776;0,298638; 176;5
;1,684683;1,255226;0,000224;-0,000143;8,87413e-08; 308;9;;-0,017331;-0,070413;0,00677906; 1003;35;;1,747552;-0,873776;0,298638; 109;3
;1,373638;1,464095;0,000077;-0,000490;2,14203e-07; 327;10;;-0,000702;0,002154;4,11297e-06; 1004;39;;-0,000000;0,000000;3,92348e-14; 154;4
;-0,951262;1,146580;-0,000082;0,000450;1,78864e-07; 335;10;;0,055498;-0,064701;0,00674554; 1004;35;;-1,747552;0,873776;0,298638; 206;5
;-0,962127;0,588824;0,000091;-0,000501;2,22211e-07; 264;8;;-0,000171;0,000146;5,48223e-08; 353;12;;-0,000000;0,000000;4,26522e-20; 190;5
;0,923185;-1,027192;0,000155;-0,000069;4,23807e-08; 292;9;;0,000137;-0,000423;1,58492e-07; 390;13;;1,747552;-0,873776;0,298638; 203;5
;-0,375439;-0,610065;0,000069;-0,000125;1,64886e-08; 220;7;;0,000006;-0,000009;9,17897e-11; 157;6;;-0,000000;-0,000000;5,21822e-21; 145;4
;-1,437361;0,744835;-1,747620;0,872173;0,298641; 139;5;;-1,747518;0,873737;0,298638; 172;7;;-1,747552;0,873776;0,298638; 104;3
;-0,224921;1,921506;-0,000070;0,000401;1,42183e-07; 319;10;;-0,000011;-0,000043;2,53316e-09; 265;9;;-0,000000;0,000000;8,88177e-18; 109;3
;-0,129582;0,560625;-0,000060;0,000264;6,09001e-08; 253;8;;0,000007;-0,000052;2,40982e-09; 226;8;;0,000000;0,000000;9,48838e-21; 109;3
;1,775506;1,585437;-0,000040;-0,000322;1,20193e-07; 319;10;;-0,000136;0,000341;1,06953e-07; 292;10;;1,747552;-0,873776;0,298638; 109;3
;1,860469;1,715445;0,000247;-0,000132;1,06695e-07; 256;8;;-0,000058;0,000184;3,0004e-08; 193;7;;1,747552;-0,873776;0,298638; 109;3
;-1,274026;0,121158;-1,747968;0,875339;0,298641; 320;12;;-1,747549;0,873937;0,298638; 285;11;;-0,000000;0,000000;6,62386e-20; 234;6
;-1,808222;0,600543;-1,747260;0,872319;0,298641; 411;15;;-1,747578;0,873253;0,298639; 164;7;;-1,747552;0,873776;0,298638; 109;3
;-0,654378;-0,304880;0,000078;0,000177;5,72034e-08; 223;7;;0,000183;-0,000090;5,88694e-08; 196;7;;-0,000000;-0,000000;3,22533e-21; 143;4
;-0,601764;0,516556;-0,000041;0,000180;2,84647e-08; 286;9;;0,000004;0,000907;8,25889e-07; 166;6;;-0,000000;0,000000;5,70879e-17; 104;3
;-0,968352;0,218451;0,000237;-0,000111;9,85911e-08; 262;8;;0,000680;-0,002856;7,13704e-06; 1004;40;;-1,747552;0,873776;0,298638; 242;6
;1,436262;0,524857;1,747359;-0,872720;0,29864; 312;11;;1,747434;-0,873402;0,298639; 149;6;;-0,000000;-0,000000;2,94639e-20; 145;4
;1,804437;0,014588;1,747539;-0,872899;0,298639; 444;16;;1,747553;-0,873948;0,298638; 232;9;;1,747552;-0,873776;0,298638; 109;3
;0,180364;-1,535752;0,000066;-0,000437;1,70631e-07; 319;10;;0,000175;-0,000273;8,79059e-08; 160;6;;-0,000000;-0,000000;4,52191e-19; 109;3
;-0,241157;-0,034852;0,000074;-0,000459;1,87526e-07; 193;6;;0,000002;-0,000002;9,09986e-12; 169;6;;0,000000;-0,000000;1,77353e-19; 109;3
;-0,511551;1,256325;-0,000121;0,000031;2,62902e-08; 223;7;;0,000196;-0,000311;1,12579e-07; 253;9;;0,000000;0,000000;8,12775e-20; 178;5
;-1,351176;1,255959;-1,747864;0,875485;0,298641; 306;11;;-1,747540;0,873827;0,298638; 169;7;;0,000000;-0,000000;6,54296e-21; 184;5
;-1,538926;1,623524;-1,747770;0,874936;0,29864; 466;17;;-1,747670;0,874047;0,298639; 172;7;;-1,747552;0,873776;0,298638; 142;4
;0,229316;0,850063;-0,000103;0,000161;3,04576e-08; 283;9;;-0,000055;0,000037;5,33407e-09; 97;4;;0,000000;0,000000;2,05749e-17; 109;3
;1,523301;-1,650990;1,747766;-0,874908;0,29864; 466;17;;1,747532;-0,873689;0,298638; 227;9;;1,747552;-0,873776;0,298638; 139;4
;1,981933;-1,186865;1,747547;-0,875124;0,29864; 354;13;;1,747509;-0,874547;0,298639; 141;6;;1,747552;-0,873777;0,298638; 114;3
;0,948820;-0,801965;-0,000283;0,000395;2,04283e-07; 325;10;;-0,004951;0,002117;4,30302e-05; 1003;39;;1,747552;-0,873776;0,298638; 239;6
;0,847011;1,614246;0,000187;-0,000119;6,16241e-08; 259;8;;-0,000026;-0,000045;4,5505e-09; 229;8;;1,747552;-0,873776;0,298638; 159;4
;-0,542192;-0,370556;-0,000184;0,000265;8,90424e-08; 130;4;;-0,000009;-0,000027;1,08146e-09; 133;5;;-0,000000;-0,000000;8,03752e-16; 98;3
;1,590442;-0,471633;1,747540;-0,872871;0,298639; 416;15;;1,747538;-0,873775;0,298638; 205;8;;1,747552;-0,873776;0,298638; 142;4
;-1,492050;0,421583;-1,747557;0,872069;0,298641; 416;15;;-1,747561;0,874014;0,298638; 172;7;;-1,747552;0,873776;0,298638; 102;3
;0,426466;-1,733390;0,000049;-0,000245;5,28854e-08; 319;10;;0,000054;-0,000125;1,48135e-08; 229;8;;-0,000000;-0,000000;4,02502e-18; 145;4
;-0,094424;1,336283;-0,000269;0,000152;1,26471e-07; 289;9;;0,000576;-0,000805;8,4726e-07; 163;6;;0,000000;-0,000000;2,99942e-21; 109;3
;0,524003;-1,043184;-0,000159;0,000301;9,32307e-08; 193;6;;0,000013;-0,000291;8,15974e-08; 316;11;;0,000000;-0,000000;2,5826e-21; 139;4
;-1,636586;1,948119;-1,747749;0,874809;0,29864; 551;21;;-1,747465;0,873206;0,298639; 283;11;;-1,747552;0,873776;0,298638; 145;4
;-1,978881;-1,399518;0,000077;-0,000149;2,25163e-08; 157;5;;-0,000007;-0,000028;1,09644e-09; 127;5;;-1,747552;0,873776;0,298638; 145;4
;0,628254;-1,238624;0,000149;-0,000235;6,4698e-08; 229;7;;0,000433;-0,000858;7,39238e-07; 376;13;;0,000000;-0,000000;1,0066e-20; 171;5
;-0,827967;1,132908;-0,000034;0,000112;1,11206e-08; 256;8;;0,000039;0,000291;9,88249e-08; 346;12;;-1,747552;0,873776;0,298638; 190;5
;0,802942;1,742668;0,000264;-0,000133;1,22262e-07; 259;8;;0,000025;0,000065;7,06599e-09; 193;7;;1,747552;-0,873776;0,298638; 190;5
;-0,748619;-0,792199;0,000157;-0,000266;7,80847e-08; 226;7;;-0,000156;0,000110;4,35638e-08; 232;8;;-1,747552;0,873776;0,298638; 186;5
;-0,509964;-0,609333;-0,000082;-0,000151;4,85871e-08; 190;6;;0,000009;-0,000009;1,60686e-10; 157;6;;-0,000000;-0,000000;7,53645e-21; 139;4
;-0,157292;0,835414;-0,000269;0,000200;1,3093e-07; 286;9;;-0,000105;0,000235;5,25942e-08; 160;6;;-0,000000;0,000000;1,88805e-20; 109;3
;0,380078;-0,527909;0,000149;-0,000233;6,41563e-08; 253;8;;-0,000036;-0,000289;9,67958e-08; 232;8;;0,000000;-0,000000;1,95143e-21; 145;4
;-0,867397;0,995697;0,000083;-0,000355;1,10581e-07; 295;9;;-0,001071;0,002645;6,45534e-06; 730;28;;-1,747552;0,873776;0,298638; 195;5
;-0,089785;-1,455428;0,000048;-0,000164;2,36525e-08; 256;8;;0,000027;-0,000033;1,63842e-09; 226;8;;0,000000;-0,000000;2,30011e-21; 109;3
;-0,159490;0,353710;0,000198;-0,000309;1,12611e-07; 226;7;;0,000015;-0,000043;1,68633e-09; 196;7;;0,000000;0,000000;2,6037e-20; 109;3
;-0,381909;-0,604450;0,000066;-0,000118;1,48742e-08; 220;7;;0,000005;-0,000008;7,58533e-11; 157;6;;-0,000000;-0,000000;7,13626e-21; 145;4
;1,403302;-0,798303;1,747452;-0,873228;0,298639; 139;5;;1,747570;-0,873622;0,298638; 174;7;;1,747552;-0,873776;0,298638; 107;3
;0,816370;1,518662;0,000241;-0,000187;1,06506e-07; 259;8;;0,000016;-0,000043;1,7024e-09; 229;8;;1,747552;-0,873776;0,298638; 195;5
;1,045015;0,752647;0,000138;-0,000064;3,34568e-08; 289;9;;-0,000059;0,000182;2,9367e-08; 505;17;;1,747552;-0,873776;0,298638; 261;6
;-0,787805;-0,245064;0,000051;-0,000293;7,5858e-08; 289;9;;0,000047;0,000270;9,00223e-08; 223;8;;-1,747552;0,873776;0,298638; 175;5
;-1,647084;-0,090030;-1,747328;0,872601;0,29864; 197;7;;-1,747100;0,871995;0,298642; 84;4;;-1,747552;0,873776;0,298638; 145;4
;-0,902554;0,223579;-0,000069;0,000231;4,70072e-08; 226;7;;-0,000066;0,001697;2,77665e-06; 507;19;;0,000000;-0,000000;4,28627e-15; 141;4
;-0,011902;-0,360912;0,000198;-0,000085;6,86702e-08; 223;7;;-0,000058;0,000216;4,08532e-08; 226;8;;0,000000;-0,000000;6,24108e-17; 73;2
;0,733482;0,665609;0,000053;-0,000104;1,09298e-08; 190;6;;0,000082;-0,000049;1,1846e-08; 196;7;;1,747552;-0,873776;0,298638; 150;4
;-0,848964;-0,934050;-0,000182;0,000278;9,28409e-08; 253;8;;-0,000232;0,000136;9,47835e-08; 133;5;;-1,747552;0,873776;0,298638; 195;5
;0,557085;0,327219;0,000028;-0,000055;3,00839e-09; 157;5;;0,000003;0,000032;1,11546e-09; 127;5;;0,000000;0,000000;1,59511e-16; 102;3
;-1,566881;-0,573443;-1,747262;0,872324;0,298641; 419;15;;-1,747554;0,873303;0,298639; 174;7;;-1,747552;0,873776;0,298638; 186;5
;1,831294;-1,492660;1,747824;-0,875249;0,298641; 386;14;;1,747552;-0,873761;0,298638; 231;9;;1,747552;-0,873776;0,298638; 109;3
;-1,326029;-0,007019;-1,747552;0,874910;0,29864; 365;13;;-1,747542;0,873879;0,298638; 293;11;;0,000000;-0,000000;6,58906e-15; 174;5
;-0,633747;-1,106052;-0,000263;0,000186;1,24305e-07; 259;8;;0,000003;-0,000002;1,10254e-11; 163;6;;-1,747552;0,873776;0,298638; 186;5
;-1,547716;-1,898434;-0,000039;0,000169;2,49535e-08; 327;10;;-0,000887;0,002193;4,43648e-06; 830;32;;-1,747552;0,873776;0,298638; 150;4
;-0,063295;-1,185400;-0,000041;-0,000341;1,34075e-07; 319;10;;0,000578;-0,000391;5,96038e-07; 166;6;;0,000000;-0,000000;1,43778e-14; 73;2
;-1,165868;1,407208;-1,747316;0,872595;0,29864; 419;15;;-1,747604;0,873999;0,298638; 260;10;;-0,000000;0,000000;1,5191e-14; 189;4
;-1,982665;0,525956;-1,747531;0,872315;0,298641; 334;12;;-1,747038;0,871614;0,298644; 197;8;;-1,747552;0,873776;0,298638; 114;3
;-1,995117;-1,510971;0,000109;-0,000221;4,86415e-08; 157;5;;-0,000136;0,000221;5,56952e-08; 253;9;;-1,747552;0,873776;0,298638; 186;5
;0,466018;-0,332835;0,000318;-0,000192;1,78105e-07; 256;8;;0,000015;-0,000034;1,07548e-09; 160;6;;0,000000;-0,000000;5,61445e-17; 106;3
;-1,592273;-0,066591;-1,747619;0,873940;0,298638; 59;2;;-1,747619;0,873941;0,298638; 59;3;;-1,747552;0,873776;0,298638; 145;4
;-0,223945;0,003235;0,000194;-0,000274;9,69496e-08; 223;7;;-0,000006;-0,000011;2,58987e-10; 166;6;;0,000000;-0,000000;7,54731e-20; 109;3
;-0,984100;0,017762;0,000349;-0,000509;3,25327e-07; 292;9;;0,000228;-0,001468;1,92477e-06; 598;21;;-1,747552;0,873776;0,298638; 209;5
;1,523423;1,581042;0,000126;-0,000243;6,01905e-08; 247;7;;-0,153155;0,284139;0,083555; 1004;35;;1,747552;-0,873776;0,298638; 178;5
;-0,637410;-0,878994;0,000233;-0,000325;1,38487e-07; 229;7;;-0,000154;0,000345;1,13173e-07; 199;7;;-1,747552;0,873776;0,298638; 186;5
;1,635365;-0,574908;1,747231;-0,872108;0,298641; 386;14;;1,747552;-0,873790;0,298638; 201;8;;1,747552;-0,873776;0,298638; 145;4
;-0,046571;0,986175;-0,000133;0,000215;5,29738e-08; 286;9;;-0,000096;0,000222;4,64869e-08; 160;6;;0,000000;0,000000;2,54168e-15; 73;2
;-0,896207;-0,101505;-0,000225;0,000393;1,67348e-07; 223;7;;-0,000345;0,001151;1,16622e-06; 436;15;;-1,747552;0,873776;0,298638; 234;6
;1,686880;0,958953;1,747522;-0,871850;0,298642; 345;12;;1,747389;-0,872776;0,298639; 153;6;;1,747552;-0,873776;0,298638; 109;3
;-0,231513;-0,149724;-0,000127;0,000199;4,64069e-08; 193;6;;0,000092;-0,000175;3,14618e-08; 163;6;;-0,000000;-0,000000;6,2124e-19; 109;3
;0,907193;-0,672079;-0,000084;0,000141;2,22366e-08; 261;8;;-0,000495;0,001658;2,41805e-06; 505;18;;-0,000000;0,000000;6,96498e-15; 146;4
;0,796838;-0,320383;0,000165;-0,000233;7,01905e-08; 319;10;;-0,000346;0,001140;1,14367e-06; 313;11;;-0,000000;0,000000;7,75829e-17; 115;3
;-1,283670;-0,107974;-1,747607;0,873729;0,298638; 147;5;;-1,747824;0,874837;0,29864; 257;10;;-0,000000;0,000000;5,37072e-17; 198;5
;-0,518021;-0,562700;-0,000055;-0,000096;2,07328e-08; 190;6;;-0,000074;-0,000233;8,28835e-08; 127;5;;-0,000000;0,000000;6,69533e-21; 139;4
;1,166845;-0,122135;1,747229;-0,872074;0,298641; 323;11;;1,747446;-0,873160;0,298639; 158;6;;-0,000000;-0,000000;9,19023e-21; 222;5
;-0,010926;1,092135;-0,000288;0,000432;2,27854e-07; 286;9;;-0,000091;0,000195;3,67023e-08; 160;6;;0,000000;0,000000;5,4592e-16; 73;2
;0,963836;-0,663900;0,000062;0,000258;9,01241e-08; 297;9;;-0,277359;-0,149860;0,21174; 302;11;;1,747552;-0,873776;0,298638; 256;7
;1,668813;-1,914426;1,747466;-0,875252;0,298641; 551;22;;1,747532;-0,873954;0,298638; 164;7;;1,747552;-0,873776;0,298638; 109;3
;1,299539;0,137028;1,747596;-0,873694;0,298638; 147;5;;1,747550;-0,873751;0,298638; 290;11;;0,000000;-0,000000;6,20137e-18; 198;5
;-1,431990;-0,697958;-1,747310;0,872505;0,29864; 312;11;;-1,747538;0,873745;0,298638; 284;11;;-0,000000;0,000000;1,85185e-18; 145;4
;0,445875;-1,306009;0,000048;-0,000177;2,74361e-08; 253;8;;-0,000011;0,000104;9,88246e-09; 226;8;;-0,000000;-0,000000;1,05543e-14; 145;4
;1,761101;0,576128;1,747175;-0,871845;0,298642; 488;17;;1,745531;-0,672729;0,338677; 1003;35;;1,747552;-0,873776;0,298638; 73;2
;1,728751;-1,461531;1,747958;-0,875432;0,298642; 481;19;;1,747566;-0,873600;0,298638; 164;7;;1,747552;-0,873776;0,298638; 109;3
;-1,875484;-1,134861;0,000122;-0,000576;2,91202e-07; 259;8;;0,000031;-0,000363;1,22576e-07; 286;10;;-1,747552;0,873776;0,298638; 109;3
;-0,488235;-1,129246;-0,000082;-0,000274;1,11043e-07; 253;8;;0,000034;-0,000050;3,15341e-09; 157;6;;0,000000;-0,000000;2,04988e-21; 178;5
;1,184301;-1,788690;1,747434;-0,873356;0,298639; 167;6;;1,747526;-0,873978;0,298638; 229;9;;-0,000000;0,000000;1,09926e-15; 181;4
;1,811762;1,213477;0,000386;-0,000548;3,86695e-07; 286;9;;-0,000064;0,000242;5,14436e-08; 316;11;;1,747552;-0,873776;0,298638; 109;3
;-0,343699;-1,383526;0,000198;-0,000302;1,10083e-07; 283;9;;-0,000007;0,000031;8,4164e-10; 226;8;;-0,000000;-0,000000;3,65381e-21; 145;4
;0,171697;-1,710196;0,000070;-0,000450;1,80571e-07; 319;10;;0,000009;0,000037;1,86678e-09; 229;8;;0,000000;-0,000000;4,49595e-19; 109;3
;-0,690878;0,956877;-0,000120;0,000219;5,06217e-08; 166;5;;-0,000282;0,000537;2,95799e-07; 349;12;;-0,000000;0,000000;1,55089e-21; 179;5
;-0,581866;-0,743980;0,000079;-0,000140;2,10874e-08; 220;7;;0,000062;0,000149;3,88057e-08; 160;6;;-0,000000;0,000000;1,42962e-21; 135;4
;-0,229438;-0,938322;0,000130;-0,000203;4,85642e-08; 283;9;;0,000067;-0,000143;1,98383e-08; 130;5;;-0,000000;-0,000000;2,04986e-17; 109;3

Next step
