# Metoda: Lagrange, D_A = 20.0813 cm2
t;V_A;V_B;T_B
0;5;1;20
1;4.99132;1.00868;20.6512
2;4.98264;1.01732;21.2842
3;4.97397;1.0259;21.8997
4;4.96531;1.03443;22.4983
5;4.95666;1.04291;23.0806
6;4.94801;1.05134;23.6473
7;4.93938;1.05973;24.1988
8;4.93075;1.06807;24.7358
9;4.92212;1.07635;25.2587
10;4.91351;1.08459;25.7681
11;4.9049;1.09279;26.2644
12;4.8963;1.10093;26.748
13;4.88771;1.10903;27.2194
14;4.87912;1.11709;27.679
15;4.87054;1.1251;28.1272
16;4.86197;1.13306;28.5643
17;4.85341;1.14098;28.9908
18;4.84486;1.14885;29.4069
19;4.83631;1.15668;29.813
20;4.82777;1.16446;30.2095
21;4.81924;1.17221;30.5965
22;4.81071;1.1799;30.9745
23;4.8022;1.18756;31.3437
24;4.79369;1.19517;31.7043
25;4.78518;1.20274;32.0566
26;4.77669;1.21027;32.4009
27;4.7682;1.21775;32.7375
28;4.75972;1.2252;33.0664
29;4.75125;1.2326;33.388
30;4.74279;1.23996;33.7025
31;4.73433;1.24728;34.01
32;4.72588;1.25457;34.3109
33;4.71744;1.26181;34.6052
34;4.709;1.26901;34.8931
35;4.70058;1.27617;35.1749
36;4.69216;1.28329;35.4507
37;4.68375;1.29038;35.7206
38;4.67534;1.29742;35.9848
39;4.66695;1.30443;36.2436
40;4.65856;1.31139;36.4969
41;4.65018;1.31832;36.745
42;4.6418;1.32522;36.988
43;4.63344;1.33207;37.2261
44;4.62508;1.33889;37.4593
45;4.61673;1.34567;37.6878
46;4.60838;1.35241;37.9117
47;4.60005;1.35912;38.1312
48;4.59172;1.36579;38.3463
49;4.5834;1.37242;38.5571
50;4.57508;1.37902;38.7638
51;4.56678;1.38558;38.9664
52;4.55848;1.39211;39.1652
53;4.55019;1.3986;39.36
54;4.5419;1.40506;39.5511
55;4.53363;1.41148;39.7386
56;4.52536;1.41787;39.9224
57;4.5171;1.42422;40.1028
58;4.50885;1.43054;40.2798
59;4.5006;1.43683;40.4534
60;4.49236;1.44308;40.6238
61;4.48413;1.4493;40.7911
62;4.47591;1.45548;40.9552
63;4.46769;1.46163;41.1163
64;4.45948;1.46775;41.2744
65;4.45128;1.47384;41.4296
66;4.44309;1.47989;41.582
67;4.43491;1.48591;41.7316
68;4.42673;1.4919;41.8785
69;4.41856;1.49785;42.0228
70;4.4104;1.50378;42.1645
71;4.40224;1.50967;42.3036
72;4.39409;1.51553;42.4403
73;4.38595;1.52136;42.5745
74;4.37782;1.52716;42.7064
75;4.3697;1.53293;42.8359
76;4.36158;1.53866;42.9631
77;4.35347;1.54437;43.0882
78;4.34537;1.55004;43.211
79;4.33727;1.55569;43.3317
80;4.32918;1.5613;43.4504
81;4.3211;1.56689;43.5669
82;4.31303;1.57244;43.6815
83;4.30497;1.57797;43.7941
84;4.29691;1.58346;43.9048
85;4.28886;1.58893;44.0135
86;4.28082;1.59436;44.1205
87;4.27278;1.59977;44.2256
88;4.26476;1.60515;44.3289
89;4.25674;1.6105;44.4305
90;4.24873;1.61582;44.5304
91;4.24072;1.62111;44.6286
92;4.23272;1.62638;44.7251
93;4.22474;1.63162;44.8201
94;4.21675;1.63682;44.9134
95;4.20878;1.642;45.0052
96;4.20081;1.64716;45.0955
97;4.19285;1.65228;45.1843
98;4.1849;1.65738;45.2716
99;4.17696;1.66245;45.3575
100;4.16902;1.66749;45.4419
101;4.16109;1.67251;45.525
102;4.15317;1.6775;45.6067
103;4.14526;1.68246;45.6871
104;4.13735;1.68739;45.7661
105;4.12945;1.6923;45.8439
106;4.12156;1.69718;45.9204
107;4.11368;1.70204;45.9956
108;4.1058;1.70687;46.0697
109;4.09793;1.71167;46.1425
110;4.09007;1.71645;46.2141
111;4.08222;1.7212;46.2846
112;4.07437;1.72593;46.354
113;4.06654;1.73063;46.4222
114;4.0587;1.73531;46.4893
115;4.05088;1.73996;46.5554
116;4.04307;1.74458;46.6204
117;4.03526;1.74918;46.6843
118;4.02746;1.75376;46.7472
119;4.01966;1.75831;46.8091
120;4.01188;1.76283;46.8701
121;4.0041;1.76733;46.93
122;3.99633;1.77181;46.989
123;3.98857;1.77626;47.047
124;3.98081;1.78069;47.1041
125;3.97306;1.78509;47.1603
126;3.96532;1.78947;47.2156
127;3.95759;1.79383;47.27
128;3.94987;1.79816;47.3235
129;3.94215;1.80247;47.3762
130;3.93444;1.80675;47.428
131;3.92674;1.81101;47.479
132;3.91904;1.81525;47.5292
133;3.91135;1.81947;47.5786
134;3.90367;1.82366;47.6271
135;3.896;1.82782;47.675
136;3.88834;1.83197;47.722
137;3.88068;1.83609;47.7683
138;3.87303;1.84019;47.8138
139;3.86539;1.84427;47.8587
140;3.85775;1.84832;47.9027
141;3.85013;1.85235;47.9461
142;3.84251;1.85636;47.9888
143;3.83489;1.86035;48.0308
144;3.82729;1.86432;48.0721
145;3.81969;1.86826;48.1128
146;3.8121;1.87218;48.1528
147;3.80452;1.87608;48.1921
148;3.79695;1.87996;48.2308
149;3.78938;1.88381;48.2689
150;3.78182;1.88765;48.3064
151;3.77427;1.89146;48.3432
152;3.76672;1.89525;48.3795
153;3.75919;1.89902;48.4151
154;3.75166;1.90277;48.4502
155;3.74414;1.9065;48.4847
156;3.73662;1.9102;48.5186
157;3.72912;1.91389;48.5519
158;3.72162;1.91755;48.5847
159;3.71413;1.9212;48.617
160;3.70664;1.92482;48.6487
161;3.69917;1.92842;48.6799
162;3.6917;1.932;48.7106
163;3.68424;1.93556;48.7408
164;3.67678;1.93911;48.7704
165;3.66934;1.94263;48.7996
166;3.6619;1.94613;48.8282
167;3.65447;1.94961;48.8564
168;3.64704;1.95307;48.8841
169;3.63963;1.95651;48.9113
170;3.63222;1.95993;48.938
171;3.62482;1.96333;48.9643
172;3.61743;1.96671;48.9901
173;3.61004;1.97007;49.0155
174;3.60266;1.97342;49.0405
175;3.59529;1.97674;49.065
176;3.58793;1.98004;49.089
177;3.58057;1.98333;49.1127
178;3.57323;1.98659;49.1359
179;3.56588;1.98984;49.1587
180;3.55855;1.99306;49.1811
181;3.55123;1.99627;49.2031
182;3.54391;1.99946;49.2247
183;3.5366;2.00263;49.2459
184;3.5293;2.00578;49.2667
185;3.522;2.00892;49.2871
186;3.51471;2.01203;49.3071
187;3.50743;2.01512;49.3268
188;3.50016;2.0182;49.3461
189;3.4929;2.02126;49.365
190;3.48564;2.0243;49.3836
191;3.47839;2.02732;49.4018
192;3.47115;2.03033;49.4197
193;3.46391;2.03331;49.4372
194;3.45668;2.03628;49.4544
195;3.44946;2.03923;49.4712
196;3.44225;2.04216;49.4877
197;3.43505;2.04508;49.5039
198;3.42785;2.04797;49.5198
199;3.42066;2.05085;49.5353
200;3.41348;2.05371;49.5505
201;3.4063;2.05656;49.5654
202;3.39914;2.05938;49.5799
203;3.39198;2.06219;49.5942
204;3.38483;2.06498;49.6082
205;3.37768;2.06776;49.6218
206;3.37054;2.07052;49.6352
207;3.36341;2.07326;49.6483
208;3.35629;2.07598;49.661
209;3.34918;2.07868;49.6735
210;3.34207;2.08137;49.6858
211;3.33497;2.08405;49.6977
212;3.32788;2.0867;49.7093
213;3.3208;2.08934;49.7207
214;3.31372;2.09196;49.7318
215;3.30665;2.09457;49.7427
216;3.29959;2.09716;49.7532
217;3.29254;2.09973;49.7636
218;3.28549;2.10228;49.7736
219;3.27845;2.10482;49.7834
220;3.27142;2.10735;49.793
221;3.2644;2.10985;49.8022
222;3.25738;2.11234;49.8113
223;3.25037;2.11482;49.8201
224;3.24337;2.11728;49.8287
225;3.23638;2.11972;49.837
226;3.22939;2.12215;49.8451
227;3.22241;2.12456;49.8529
228;3.21544;2.12695;49.8605
229;3.20848;2.12933;49.8679
230;3.20152;2.13169;49.8751
231;3.19458;2.13404;49.882
232;3.18764;2.13637;49.8887
233;3.1807;2.13869;49.8952
234;3.17378;2.14099;49.9015
235;3.16686;2.14328;49.9076
236;3.15995;2.14555;49.9134
237;3.15305;2.1478;49.919
238;3.14615;2.15004;49.9245
239;3.13926;2.15227;49.9297
240;3.13238;2.15448;49.9347
241;3.12551;2.15667;49.9395
242;3.11864;2.15885;49.9441
243;3.11179;2.16102;49.9486
244;3.10494;2.16317;49.9528
245;3.09809;2.1653;49.9568
246;3.09126;2.16742;49.9606
247;3.08443;2.16953;49.9643
248;3.07761;2.17162;49.9677
249;3.0708;2.17369;49.971
250;3.06399;2.17576;49.9741
251;3.0572;2.1778;49.977
252;3.05041;2.17984;49.9797
253;3.04362;2.18185;49.9823
254;3.03685;2.18386;49.9846
255;3.03008;2.18585;49.9868
256;3.02332;2.18782;49.9888
257;3.01657;2.18978;49.9907
258;3.00983;2.19173;49.9923
259;3.00309;2.19366;49.9938
260;2.99636;2.19558;49.9952
261;2.98964;2.19748;49.9963
262;2.98292;2.19937;49.9973
263;2.97622;2.20125;49.9982
264;2.96952;2.20311;49.9989
265;2.96283;2.20496;49.9994
266;2.95614;2.2068;49.9997
267;2.94947;2.20862;50
268;2.9428;2.21043;50
269;2.93614;2.21222;49.9999
270;2.92948;2.214;49.9996
271;2.92283;2.21577;49.9992
272;2.9162;2.21752;49.9987
273;2.90956;2.21926;49.998
274;2.90294;2.22099;49.9971
275;2.89632;2.2227;49.9961
276;2.88972;2.2244;49.995
277;2.88311;2.22609;49.9937
278;2.87652;2.22776;49.9922
279;2.86994;2.22942;49.9907
280;2.86336;2.23107;49.989
281;2.85679;2.2327;49.9871
282;2.85022;2.23432;49.9851
283;2.84367;2.23593;49.983
284;2.83712;2.23753;49.9808
285;2.83058;2.23911;49.9784
286;2.82404;2.24068;49.9758
287;2.81752;2.24224;49.9732
288;2.811;2.24378;49.9704
289;2.80449;2.24531;49.9675
290;2.79799;2.24683;49.9645
291;2.79149;2.24834;49.9613
292;2.785;2.24983;49.958
293;2.77852;2.25131;49.9546
294;2.77205;2.25278;49.951
295;2.76558;2.25424;49.9474
296;2.75913;2.25568;49.9436
297;2.75268;2.25711;49.9397
298;2.74623;2.25853;49.9357
299;2.7398;2.25994;49.9315
300;2.73337;2.26133;49.9273
301;2.72695;2.26271;49.9229
302;2.72054;2.26408;49.9184
303;2.71413;2.26544;49.9138
304;2.70774;2.26679;49.9091
305;2.70135;2.26812;49.9042
306;2.69496;2.26945;49.8993
307;2.68859;2.27076;49.8942
308;2.68222;2.27205;49.889
309;2.67586;2.27334;49.8838
310;2.66951;2.27461;49.8784
311;2.66316;2.27588;49.8729
312;2.65683;2.27713;49.8673
313;2.6505;2.27837;49.8616
314;2.64418;2.2796;49.8558
315;2.63786;2.28081;49.8498
316;2.63155;2.28202;49.8438
317;2.62525;2.28321;49.8377
318;2.61896;2.28439;49.8315
319;2.61268;2.28556;49.8251
320;2.6064;2.28672;49.8187
321;2.60013;2.28787;49.8122
322;2.59387;2.289;49.8055
323;2.58762;2.29013;49.7988
324;2.58137;2.29124;49.792
325;2.57513;2.29234;49.785
326;2.5689;2.29343;49.778
327;2.56268;2.29451;49.7709
328;2.55646;2.29558;49.7637
329;2.55025;2.29664;49.7564
330;2.54405;2.29769;49.749
331;2.53786;2.29872;49.7415
332;2.53167;2.29975;49.7339
333;2.52549;2.30076;49.7262
334;2.51932;2.30176;49.7185
335;2.51316;2.30276;49.7106
336;2.507;2.30374;49.7027
337;2.50085;2.30471;49.6946
338;2.49471;2.30567;49.6865
339;2.48858;2.30662;49.6783
340;2.48245;2.30756;49.67
341;2.47633;2.30848;49.6616
342;2.47022;2.3094;49.6531
343;2.46412;2.31031;49.6446
344;2.45802;2.3112;49.6359
345;2.45193;2.31209;49.6272
346;2.44585;2.31296;49.6184
347;2.43978;2.31383;49.6095
348;2.43372;2.31468;49.6005
349;2.42766;2.31553;49.5914
350;2.42161;2.31636;49.5823
351;2.41556;2.31718;49.5731
352;2.40953;2.318;49.5638
353;2.4035;2.3188;49.5544
354;2.39748;2.31959;49.5449
355;2.39147;2.32037;49.5354
356;2.38546;2.32115;49.5257
357;2.37947;2.32191;49.516
358;2.37347;2.32266;49.5063
359;2.36749;2.3234;49.4964
360;2.36152;2.32414;49.4865
361;2.35555;2.32486;49.4765
362;2.34959;2.32557;49.4664
363;2.34364;2.32627;49.4562
364;2.33769;2.32697;49.446
365;2.33176;2.32765;49.4357
366;2.32583;2.32832;49.4253
367;2.3199;2.32899;49.4148
368;2.31399;2.32964;49.4043
369;2.30808;2.33028;49.3937
370;2.30218;2.33092;49.383
371;2.29629;2.33154;49.3723
372;2.29041;2.33216;49.3614
373;2.28453;2.33276;49.3505
374;2.27866;2.33336;49.3396
375;2.2728;2.33395;49.3286
376;2.26694;2.33452;49.3174
377;2.2611;2.33509;49.3063
378;2.25526;2.33565;49.295
379;2.24943;2.3362;49.2837
380;2.2436;2.33674;49.2723
381;2.23779;2.33727;49.2609
382;2.23198;2.33779;49.2494
383;2.22617;2.3383;49.2378
384;2.22038;2.3388;49.2262
385;2.21459;2.33929;49.2144
386;2.20882;2.33978;49.2027
387;2.20304;2.34025;49.1908
388;2.19728;2.34072;49.1789
389;2.19152;2.34118;49.1669
390;2.18578;2.34162;49.1549
391;2.18003;2.34206;49.1428
392;2.1743;2.34249;49.1306
393;2.16858;2.34291;49.1184
394;2.16286;2.34333;49.1061
395;2.15715;2.34373;49.0937
396;2.15144;2.34412;49.0813
397;2.14575;2.34451;49.0688
398;2.14006;2.34488;49.0563
399;2.13438;2.34525;49.0437
400;2.1287;2.34561;49.031
401;2.12304;2.34596;49.0183
402;2.11738;2.3463;49.0055
403;2.11173;2.34664;48.9926
404;2.10609;2.34696;48.9797
405;2.10045;2.34728;48.9667
406;2.09482;2.34758;48.9537
407;2.0892;2.34788;48.9406
408;2.08359;2.34817;48.9274
409;2.07799;2.34845;48.9142
410;2.07239;2.34873;48.901
411;2.0668;2.34899;48.8876
412;2.06121;2.34925;48.8742
413;2.05564;2.3495;48.8608
414;2.05007;2.34973;48.8473
415;2.04451;2.34997;48.8337
416;2.03896;2.35019;48.8201
417;2.03341;2.3504;48.8064
418;2.02788;2.35061;48.7927
419;2.02235;2.35081;48.7789
420;2.01682;2.351;48.7651
421;2.01131;2.35118;48.7512
422;2.0058;2.35135;48.7372
423;2.0003;2.35152;48.7232
424;1.99481;2.35168;48.7092
425;1.98933;2.35183;48.695
426;1.98385;2.35197;48.6809
427;1.97838;2.3521;48.6666
428;1.97292;2.35223;48.6523
429;1.96746;2.35234;48.638
430;1.96202;2.35245;48.6236
431;1.95658;2.35256;48.6092
432;1.95115;2.35265;48.5947
433;1.94572;2.35273;48.5801
434;1.9403;2.35281;48.5655
435;1.9349;2.35288;48.5509
436;1.92949;2.35295;48.5362
437;1.9241;2.353;48.5214
438;1.91871;2.35305;48.5066
439;1.91333;2.35309;48.4917
440;1.90796;2.35312;48.4768
441;1.9026;2.35314;48.4618
442;1.89724;2.35316;48.4468
443;1.89189;2.35317;48.4317
444;1.88655;2.35317;48.4166
445;1.88122;2.35316;48.4014
446;1.87589;2.35315;48.3862
447;1.87057;2.35313;48.3709
448;1.86526;2.3531;48.3556
449;1.85996;2.35306;48.3402
450;1.85466;2.35302;48.3248
451;1.84938;2.35297;48.3093
452;1.84409;2.35291;48.2938
453;1.83882;2.35284;48.2782
454;1.83356;2.35277;48.2626
455;1.8283;2.35269;48.247
456;1.82305;2.3526;48.2312
457;1.8178;2.35251;48.2155
458;1.81257;2.3524;48.1996
459;1.80734;2.35229;48.1838
460;1.80212;2.35218;48.1679
461;1.79691;2.35205;48.1519
462;1.7917;2.35192;48.1359
463;1.7865;2.35178;48.1198
464;1.78131;2.35164;48.1037
465;1.77613;2.35149;48.0876
466;1.77095;2.35133;48.0714
467;1.76579;2.35116;48.0551
468;1.76063;2.35099;48.0388
469;1.75547;2.35081;48.0225
470;1.75033;2.35062;48.0061
471;1.74519;2.35043;47.9897
472;1.74006;2.35023;47.9732
473;1.73494;2.35002;47.9567
474;1.72982;2.3498;47.9401
475;1.72472;2.34958;47.9235
476;1.71962;2.34935;47.9068
477;1.71453;2.34912;47.8901
478;1.70944;2.34887;47.8734
479;1.70436;2.34863;47.8566
480;1.69929;2.34837;47.8397
481;1.69423;2.34811;47.8228
482;1.68918;2.34784;47.8059
483;1.68413;2.34756;47.7889
484;1.67909;2.34728;47.7719
485;1.67406;2.34699;47.7548
486;1.66903;2.3467;47.7377
487;1.66402;2.34639;47.7205
488;1.65901;2.34609;47.7033
489;1.65401;2.34577;47.6861
490;1.64901;2.34545;47.6688
491;1.64403;2.34512;47.6514
492;1.63905;2.34479;47.634
493;1.63408;2.34444;47.6166
494;1.62911;2.3441;47.5992
495;1.62416;2.34374;47.5816
496;1.61921;2.34338;47.5641
497;1.61426;2.34302;47.5465
498;1.60933;2.34264;47.5288
499;1.6044;2.34226;47.5112
500;1.59949;2.34188;47.4934
501;1.59457;2.34149;47.4756
502;1.58967;2.34109;47.4578
503;1.58478;2.34068;47.44
504;1.57989;2.34027;47.4221
505;1.57501;2.33986;47.4041
506;1.57013;2.33943;47.3861
507;1.56527;2.339;47.3681
508;1.56041;2.33857;47.35
509;1.55556;2.33813;47.3319
510;1.55071;2.33768;47.3138
511;1.54588;2.33722;47.2956
512;1.54105;2.33676;47.2773
513;1.53623;2.3363;47.259
514;1.53142;2.33583;47.2407
515;1.52661;2.33535;47.2224
516;1.52181;2.33486;47.204
517;1.51702;2.33438;47.1855
518;1.51224;2.33388;47.167
519;1.50746;2.33338;47.1485
520;1.5027;2.33287;47.1299
521;1.49794;2.33236;47.1113
522;1.49318;2.33184;47.0926
523;1.48844;2.33131;47.0739
524;1.4837;2.33078;47.0552
525;1.47897;2.33024;47.0364
526;1.47425;2.3297;47.0176
527;1.46953;2.32915;46.9987
528;1.46483;2.3286;46.9798
529;1.46013;2.32804;46.9609
530;1.45543;2.32747;46.9419
531;1.45075;2.3269;46.9229
532;1.44607;2.32633;46.9038
533;1.4414;2.32574;46.8847
534;1.43674;2.32515;46.8656
535;1.43209;2.32456;46.8464
536;1.42744;2.32396;46.8272
537;1.4228;2.32336;46.8079
538;1.41817;2.32275;46.7886
539;1.41354;2.32213;46.7692
540;1.40893;2.32151;46.7499
541;1.40432;2.32088;46.7304
542;1.39971;2.32025;46.711
543;1.39512;2.31961;46.6915
544;1.39053;2.31897;46.6719
545;1.38595;2.31832;46.6523
546;1.38138;2.31766;46.6327
547;1.37682;2.317;46.613
548;1.37226;2.31634;46.5933
549;1.36771;2.31567;46.5736
550;1.36317;2.31499;46.5538
551;1.35864;2.31431;46.534
552;1.35411;2.31362;46.5141
553;1.34959;2.31293;46.4942
554;1.34508;2.31223;46.4743
555;1.34058;2.31153;46.4543
556;1.33608;2.31082;46.4343
557;1.33159;2.31011;46.4142
558;1.32711;2.30939;46.3941
559;1.32264;2.30867;46.374
560;1.31817;2.30794;46.3538
561;1.31371;2.30721;46.3336
562;1.30926;2.30647;46.3133
563;1.30482;2.30573;46.293
564;1.30038;2.30498;46.2727
565;1.29596;2.30422;46.2523
566;1.29154;2.30347;46.2319
567;1.28712;2.3027;46.2115
568;1.28272;2.30193;46.191
569;1.27832;2.30116;46.1705
570;1.27393;2.30038;46.1499
571;1.26955;2.29959;46.1293
572;1.26517;2.29881;46.1087
573;1.2608;2.29801;46.088
574;1.25644;2.29721;46.0673
575;1.25209;2.29641;46.0465
576;1.24774;2.2956;46.0257
577;1.24341;2.29479;46.0049
578;1.23908;2.29397;45.984
579;1.23475;2.29315;45.9631
580;1.23044;2.29232;45.9422
581;1.22613;2.29148;45.9212
582;1.22183;2.29065;45.9002
583;1.21754;2.2898;45.8791
584;1.21325;2.28896;45.858
585;1.20898;2.2881;45.8369
586;1.20471;2.28725;45.8157
587;1.20045;2.28639;45.7945
588;1.19619;2.28552;45.7732
589;1.19194;2.28465;45.7519
590;1.1877;2.28377;45.7306
591;1.18347;2.28289;45.7092
592;1.17925;2.28201;45.6878
593;1.17503;2.28112;45.6664
594;1.17082;2.28023;45.6449
595;1.16662;2.27933;45.6234
596;1.16242;2.27842;45.6018
597;1.15824;2.27752;45.5802
598;1.15406;2.2766;45.5586
599;1.14989;2.27569;45.5369
600;1.14572;2.27477;45.5152
601;1.14157;2.27384;45.4935
602;1.13742;2.27291;45.4717
603;1.13328;2.27198;45.4499
604;1.12914;2.27104;45.428
605;1.12502;2.27009;45.4061
606;1.1209;2.26914;45.3842
607;1.11679;2.26819;45.3622
608;1.11268;2.26724;45.3402
609;1.10859;2.26627;45.3181
610;1.1045;2.26531;45.2961
611;1.10042;2.26434;45.2739
612;1.09634;2.26336;45.2518
613;1.09228;2.26239;45.2296
614;1.08822;2.2614;45.2073
615;1.08417;2.26042;45.1851
616;1.08012;2.25943;45.1628
617;1.07609;2.25843;45.1404
618;1.07206;2.25743;45.118
619;1.06804;2.25643;45.0956
620;1.06403;2.25542;45.0731
621;1.06002;2.25441;45.0506
622;1.05602;2.25339;45.0281
623;1.05203;2.25237;45.0055
624;1.04805;2.25134;44.9829
625;1.04407;2.25031;44.9603
626;1.04011;2.24928;44.9376
627;1.03615;2.24824;44.9149
628;1.03219;2.2472;44.8921
629;1.02825;2.24616;44.8693
630;1.02431;2.24511;44.8465
631;1.02038;2.24405;44.8236
632;1.01646;2.243;44.8007
633;1.01254;2.24193;44.7777
634;1.00863;2.24087;44.7547
635;1.00473;2.2398;44.7317
636;1.00084;2.23873;44.7087
637;0.996957;2.23765;44.6856
638;0.99308;2.23657;44.6624
639;0.98921;2.23548;44.6393
640;0.985348;2.23439;44.616
641;0.981493;2.2333;44.5928
642;0.977646;2.2322;44.5695
643;0.973806;2.2311;44.5462
644;0.969974;2.23;44.5228
645;0.96615;2.22889;44.4994
646;0.962333;2.22778;44.476
647;0.958524;2.22666;44.4525
648;0.954722;2.22554;44.429
649;0.950927;2.22441;44.4055
650;0.947141;2.22329;44.3819
651;0.943361;2.22216;44.3582
652;0.93959;2.22102;44.3346
653;0.935826;2.21988;44.3109
654;0.932069;2.21874;44.2871
655;0.92832;2.21759;44.2634
656;0.924579;2.21644;44.2396
657;0.920845;2.21529;44.2157
658;0.917118;2.21413;44.1918
659;0.9134;2.21297;44.1679
660;0.909688;2.21181;44.1439
661;0.905985;2.21064;44.1199
662;0.902288;2.20946;44.0959
663;0.8986;2.20829;44.0718
664;0.894919;2.20711;44.0477
665;0.891245;2.20593;44.0236
666;0.887579;2.20474;43.9994
667;0.883921;2.20355;43.9752
668;0.88027;2.20236;43.9509
669;0.876626;2.20116;43.9266
670;0.872991;2.19996;43.9022
671;0.869362;2.19876;43.8779
672;0.865742;2.19755;43.8535
673;0.862129;2.19634;43.829
674;0.858523;2.19512;43.8045
675;0.854925;2.19391;43.78
676;0.851334;2.19268;43.7554
677;0.847751;2.19146;43.7308
678;0.844176;2.19023;43.7062
679;0.840608;2.189;43.6815
680;0.837048;2.18776;43.6568
681;0.833495;2.18653;43.632
682;0.82995;2.18528;43.6072
683;0.826412;2.18404;43.5824
684;0.822882;2.18279;43.5575
685;0.819359;2.18154;43.5326
686;0.815844;2.18028;43.5077
687;0.812337;2.17903;43.4827
688;0.808837;2.17776;43.4577
689;0.805344;2.1765;43.4326
690;0.80186;2.17523;43.4075
691;0.798382;2.17396;43.3824
692;0.794913;2.17269;43.3572
693;0.79145;2.17141;43.332
694;0.787996;2.17013;43.3068
695;0.784549;2.16884;43.2815
696;0.781109;2.16756;43.2562
697;0.777677;2.16626;43.2308
698;0.774253;2.16497;43.2054
699;0.770836;2.16367;43.18
700;0.767426;2.16237;43.1545
701;0.764024;2.16107;43.129
702;0.76063;2.15976;43.1034
703;0.757243;2.15846;43.0778
704;0.753864;2.15714;43.0522
705;0.750493;2.15583;43.0265
706;0.747129;2.15451;43.0008
707;0.743772;2.15319;42.9751
708;0.740423;2.15186;42.9493
709;0.737082;2.15053;42.9234
710;0.733748;2.1492;42.8976
711;0.730421;2.14787;42.8717
712;0.727103;2.14653;42.8457
713;0.723791;2.14519;42.8198
714;0.720488;2.14385;42.7937
715;0.717192;2.1425;42.7677
716;0.713903;2.14116;42.7416
717;0.710622;2.1398;42.7155
718;0.707348;2.13845;42.6893
719;0.704082;2.13709;42.6631
720;0.700824;2.13573;42.6368
721;0.697573;2.13437;42.6106
722;0.69433;2.133;42.5842
723;0.691094;2.13163;42.5579
724;0.687866;2.13026;42.5315
725;0.684645;2.12889;42.505
726;0.681432;2.12751;42.4785
727;0.678227;2.12613;42.452
728;0.675029;2.12475;42.4254
729;0.671838;2.12336;42.3988
730;0.668655;2.12197;42.3722
731;0.66548;2.12058;42.3455
732;0.662312;2.11918;42.3188
733;0.659152;2.11779;42.2921
734;0.655999;2.11639;42.2653
735;0.652854;2.11499;42.2384
736;0.649716;2.11358;42.2116
737;0.646586;2.11217;42.1846
738;0.643464;2.11076;42.1577
739;0.640349;2.10935;42.1307
740;0.637241;2.10793;42.1037
741;0.634141;2.10651;42.0766
742;0.631049;2.10509;42.0495
743;0.627964;2.10367;42.0223
744;0.624887;2.10224;41.9951
745;0.621817;2.10081;41.9679
746;0.618755;2.09938;41.9406
747;0.615701;2.09794;41.9133
748;0.612654;2.09651;41.886
749;0.609614;2.09507;41.8586
750;0.606582;2.09362;41.8312
751;0.603558;2.09218;41.8037
752;0.600541;2.09073;41.7762
753;0.597532;2.08928;41.7486
754;0.59453;2.08783;41.7211
755;0.591536;2.08637;41.6934
756;0.588549;2.08492;41.6658
757;0.58557;2.08346;41.638
758;0.582598;2.08199;41.6103
759;0.579634;2.08053;41.5825
760;0.576678;2.07906;41.5547
761;0.573729;2.07759;41.5268
762;0.570788;2.07612;41.4989
763;0.567854;2.07464;41.471
764;0.564928;2.07317;41.443
765;0.562009;2.07169;41.4149
766;0.559098;2.0702;41.3869
767;0.556194;2.06872;41.3587
768;0.553298;2.06723;41.3306
769;0.55041;2.06574;41.3024
770;0.547529;2.06425;41.2742
771;0.544655;2.06276;41.2459
772;0.54179;2.06126;41.2176
773;0.538931;2.05976;41.1892
774;0.53608;2.05826;41.1608
775;0.533237;2.05676;41.1324
776;0.530402;2.05525;41.1039
777;0.527573;2.05374;41.0754
778;0.524753;2.05223;41.0468
779;0.52194;2.05072;41.0182
780;0.519134;2.04921;40.9896
781;0.516337;2.04769;40.9609
782;0.513546;2.04617;40.9322
783;0.510763;2.04465;40.9034
784;0.507988;2.04312;40.8746
785;0.50522;2.0416;40.8457
786;0.50246;2.04007;40.8169
787;0.499708;2.03854;40.7879
788;0.496963;2.03701;40.759
789;0.494225;2.03547;40.7299
790;0.491495;2.03394;40.7009
791;0.488773;2.0324;40.6718
792;0.486058;2.03085;40.6426
793;0.483351;2.02931;40.6135
794;0.480651;2.02777;40.5842
795;0.477959;2.02622;40.555
796;0.475274;2.02467;40.5257
797;0.472597;2.02312;40.4963
798;0.469927;2.02156;40.4669
799;0.467265;2.02001;40.4375
800;0.464611;2.01845;40.408
801;0.461964;2.01689;40.3785
802;0.459325;2.01532;40.3489
803;0.456693;2.01376;40.3193
804;0.454069;2.01219;40.2897
805;0.451452;2.01063;40.26
806;0.448843;2.00905;40.2303
807;0.446241;2.00748;40.2005
808;0.443647;2.00591;40.1707
809;0.441061;2.00433;40.1408
810;0.438482;2.00275;40.1109
811;0.43591;2.00117;40.081
812;0.433346;1.99959;40.051
813;0.43079;1.99801;40.021
814;0.428241;1.99642;39.9909
815;0.4257;1.99483;39.9608
816;0.423167;1.99324;39.9306
817;0.420641;1.99165;39.9004
818;0.418122;1.99005;39.8702
819;0.415611;1.98846;39.8399
820;0.413108;1.98686;39.8096
821;0.410612;1.98526;39.7792
822;0.408123;1.98366;39.7488
823;0.405643;1.98206;39.7183
824;0.403169;1.98045;39.6878
825;0.400704;1.97884;39.6573
826;0.398246;1.97723;39.6267
827;0.395795;1.97562;39.596
828;0.393352;1.97401;39.5654
829;0.390916;1.9724;39.5346
830;0.388489;1.97078;39.5039
831;0.386068;1.96916;39.4731
832;0.383655;1.96754;39.4422
833;0.38125;1.96592;39.4113
834;0.378852;1.9643;39.3804
835;0.376462;1.96267;39.3494
836;0.37408;1.96105;39.3184
837;0.371705;1.95942;39.2873
838;0.369337;1.95779;39.2562
839;0.366977;1.95615;39.225
840;0.364625;1.95452;39.1938
841;0.36228;1.95289;39.1626
842;0.359942;1.95125;39.1313
843;0.357613;1.94961;39.0999
844;0.355291;1.94797;39.0685
845;0.352976;1.94633;39.0371
846;0.350669;1.94468;39.0056
847;0.348369;1.94304;38.9741
848;0.346077;1.94139;38.9425
849;0.343793;1.93974;38.9109
850;0.341516;1.93809;38.8793
851;0.339247;1.93644;38.8476
852;0.336985;1.93478;38.8158
853;0.334731;1.93313;38.7841
854;0.332484;1.93147;38.7522
855;0.330245;1.92981;38.7203
856;0.328013;1.92815;38.6884
857;0.325789;1.92649;38.6564
858;0.323573;1.92483;38.6244
859;0.321364;1.92316;38.5924
860;0.319162;1.9215;38.5602
861;0.316969;1.91983;38.5281
862;0.314782;1.91816;38.4959
863;0.312604;1.91649;38.4636
864;0.310433;1.91481;38.4314
865;0.308269;1.91314;38.399
866;0.306113;1.91147;38.3666
867;0.303964;1.90979;38.3342
868;0.301823;1.90811;38.3017
869;0.29969;1.90643;38.2692
870;0.297564;1.90475;38.2366
871;0.295446;1.90307;38.204
872;0.293335;1.90138;38.1714
873;0.291232;1.89969;38.1386
874;0.289136;1.89801;38.1059
875;0.287048;1.89632;38.0731
876;0.284968;1.89463;38.0402
877;0.282895;1.89294;38.0073
878;0.28083;1.89124;37.9744
879;0.278772;1.88955;37.9414
880;0.276721;1.88785;37.9084
881;0.274679;1.88616;37.8753
882;0.272643;1.88446;37.8421
883;0.270616;1.88276;37.809
884;0.268596;1.88106;37.7757
885;0.266583;1.87935;37.7425
886;0.264578;1.87765;37.7091
887;0.262581;1.87595;37.6758
888;0.260591;1.87424;37.6424
889;0.258609;1.87253;37.6089
890;0.256634;1.87082;37.5754
891;0.254667;1.86911;37.5418
892;0.252707;1.8674;37.5082
893;0.250755;1.86569;37.4745
894;0.24881;1.86397;37.4408
895;0.246873;1.86226;37.4071
896;0.244944;1.86054;37.3733
897;0.243022;1.85882;37.3394
898;0.241108;1.8571;37.3055
899;0.239201;1.85538;37.2716
900;0.237302;1.85366;37.2376
901;0.23541;1.85193;37.2035
902;0.233526;1.85021;37.1694
903;0.231649;1.84848;37.1353
904;0.22978;1.84676;37.1011
905;0.227919;1.84503;37.0669
906;0.226065;1.8433;37.0326
907;0.224219;1.84157;36.9982
908;0.22238;1.83984;36.9639
909;0.220549;1.83811;36.9294
910;0.218725;1.83637;36.8949
911;0.216909;1.83464;36.8604
912;0.2151;1.8329;36.8258
913;0.213299;1.83116;36.7912
914;0.211506;1.82942;36.7565
915;0.20972;1.82768;36.7217
916;0.207942;1.82594;36.687
917;0.206171;1.8242;36.6521
918;0.204408;1.82246;36.6172
919;0.202652;1.82071;36.5823
920;0.200904;1.81897;36.5473
921;0.199163;1.81722;36.5123
922;0.19743;1.81548;36.4772
923;0.195705;1.81373;36.442
924;0.193987;1.81198;36.4068
925;0.192277;1.81023;36.3716
926;0.190574;1.80847;36.3363
927;0.188879;1.80672;36.301
928;0.187191;1.80497;36.2656
929;0.185511;1.80321;36.2301
930;0.183839;1.80146;36.1946
931;0.182174;1.7997;36.1591
932;0.180516;1.79794;36.1235
933;0.178866;1.79618;36.0878
934;0.177224;1.79442;36.0521
935;0.175589;1.79266;36.0164
936;0.173962;1.7909;35.9806
937;0.172342;1.78914;35.9447
938;0.17073;1.78738;35.9088
939;0.169126;1.78561;35.8729
940;0.167529;1.78384;35.8368
941;0.165939;1.78208;35.8008
942;0.164357;1.78031;35.7647
943;0.162783;1.77854;35.7285
944;0.161216;1.77677;35.6923
945;0.159657;1.775;35.656
946;0.158106;1.77323;35.6197
947;0.156562;1.77146;35.5833
948;0.155025;1.76969;35.5469
949;0.153496;1.76791;35.5104
950;0.151975;1.76614;35.4738
951;0.150461;1.76436;35.4372
952;0.148955;1.76258;35.4006
953;0.147456;1.76081;35.3639
954;0.145965;1.75903;35.3272
955;0.144481;1.75725;35.2903
956;0.143005;1.75547;35.2535
957;0.141537;1.75369;35.2166
958;0.140076;1.75191;35.1796
959;0.138622;1.75012;35.1426
960;0.137176;1.74834;35.1055
961;0.135738;1.74656;35.0684
962;0.134308;1.74477;35.0312
963;0.132884;1.74299;34.994
964;0.131469;1.7412;34.9567
965;0.130061;1.73941;34.9193
966;0.12866;1.73762;34.8819
967;0.127268;1.73583;34.8445
968;0.125882;1.73404;34.807
969;0.124504;1.73225;34.7694
970;0.123134;1.73046;34.7318
971;0.121772;1.72867;34.6941
972;0.120416;1.72688;34.6564
973;0.119069;1.72508;34.6186
974;0.117729;1.72329;34.5808
975;0.116397;1.72149;34.5429
976;0.115072;1.7197;34.5049
977;0.113754;1.7179;34.4669
978;0.112445;1.71611;34.4288
979;0.111143;1.71431;34.3907
980;0.109848;1.71251;34.3526
981;0.108561;1.71071;34.3143
982;0.107282;1.70891;34.276
983;0.10601;1.70711;34.2377
984;0.104745;1.70531;34.1993
985;0.103488;1.70351;34.1608
986;0.102239;1.7017;34.1223
987;0.100998;1.6999;34.0838
988;0.0997635;1.6981;34.0451
989;0.098537;1.69629;34.0064
990;0.097318;1.69449;33.9677
991;0.0961066;1.69268;33.9289
992;0.0949028;1.69087;33.89
993;0.0937065;1.68907;33.8511
994;0.0925178;1.68726;33.8122
995;0.0913366;1.68545;33.7731
996;0.090163;1.68364;33.7341
997;0.088997;1.68183;33.6949
998;0.0878386;1.68002;33.6557
999;0.0866877;1.67821;33.6165
1000;0.0855443;1.6764;33.5771
1001;0.0844086;1.67459;33.5378
1002;0.0832804;1.67278;33.4983
1003;0.0821597;1.67096;33.4588
1004;0.0810467;1.66915;33.4193
1005;0.0799412;1.66734;33.3797
1006;0.0788432;1.66552;33.34
1007;0.0777528;1.66371;33.3003
1008;0.07667;1.66189;33.2605
1009;0.0755948;1.66007;33.2206
1010;0.0745271;1.65826;33.1807
1011;0.073467;1.65644;33.1408
1012;0.0724145;1.65462;33.1007
1013;0.0713695;1.6528;33.0607
1014;0.0703321;1.65099;33.0205
1015;0.0693023;1.64917;32.9803
1016;0.06828;1.64735;32.94
1017;0.0672653;1.64553;32.8997
1018;0.0662581;1.64371;32.8593
1019;0.0652586;1.64189;32.8189
1020;0.0642666;1.64006;32.7784
1021;0.0632821;1.63824;32.7378
1022;0.0623053;1.63642;32.6972
1023;0.061336;1.6346;32.6565
1024;0.0603743;1.63277;32.6158
1025;0.0594201;1.63095;32.5749
1026;0.0584735;1.62912;32.5341
1027;0.0575345;1.6273;32.4931
1028;0.0566031;1.62547;32.4522
1029;0.0556792;1.62365;32.4111
1030;0.0547629;1.62182;32.37
1031;0.0538542;1.62;32.3288
1032;0.052953;1.61817;32.2876
1033;0.0520594;1.61634;32.2463
1034;0.0511734;1.61452;32.2049
1035;0.0502949;1.61269;32.1635
1036;0.0494241;1.61086;32.122
1037;0.0485608;1.60903;32.0804
1038;0.047705;1.6072;32.0388
1039;0.0468569;1.60537;31.9971
1040;0.0460163;1.60354;31.9554
1041;0.0451833;1.60171;31.9136
1042;0.0443579;1.59988;31.8717
1043;0.04354;1.59805;31.8298
1044;0.0427297;1.59622;31.7878
1045;0.041927;1.59439;31.7457
1046;0.0411319;1.59256;31.7036
1047;0.0403443;1.59073;31.6614
1048;0.0395643;1.58889;31.6192
1049;0.0387919;1.58706;31.5768
1050;0.0380271;1.58523;31.5345
1051;0.0372699;1.58339;31.492
1052;0.0365202;1.58156;31.4495
1053;0.0357781;1.57973;31.4069
1054;0.0350436;1.57789;31.3643
1055;0.0343166;1.57606;31.3216
1056;0.0335973;1.57422;31.2788
1057;0.0328855;1.57239;31.236
1058;0.0321813;1.57055;31.1931
1059;0.0314847;1.56872;31.1501
1060;0.0307957;1.56688;31.1071
1061;0.0301142;1.56505;31.064
1062;0.0294403;1.56321;31.0208
1063;0.028774;1.56137;30.9776
1064;0.0281153;1.55954;30.9343
1065;0.0274642;1.5577;30.8909
1066;0.0268207;1.55586;30.8475
1067;0.0261847;1.55402;30.804
1068;0.0255563;1.55219;30.7604
1069;0.0249355;1.55035;30.7168
1070;0.0243223;1.54851;30.6731
1071;0.0237167;1.54667;30.6293
1072;0.0231187;1.54483;30.5855
1073;0.0225283;1.54299;30.5416
1074;0.0219454;1.54116;30.4976
1075;0.0213702;1.53932;30.4536
1076;0.0208025;1.53748;30.4095
1077;0.0202424;1.53564;30.3653
1078;0.0196899;1.5338;30.3211
1079;0.0191407;1.53196;30.2769
1080;0.0185916;1.53014;30.233
1081;0.0180424;1.52831;30.1894
1082;0.0174932;1.5265;30.146
1083;0.0169441;1.5247;30.1029
1084;0.0163949;1.5229;30.06
1085;0.0158457;1.5211;30.0174
1086;0.0152965;1.51932;29.975
1087;0.0147474;1.51754;29.9328
1088;0.0141982;1.51577;29.8909
1089;0.013649;1.51401;29.8492
1090;0.0130999;1.51226;29.8078
1091;0.0125507;1.51051;29.7666
1092;0.0120015;1.50877;29.7257
1093;0.0114523;1.50703;29.685
1094;0.0109032;1.50531;29.6445
1095;0.010354;1.50359;29.6043
1096;0.01;1.50187;29.5643
1097;0.01;1.50017;29.5246
1098;0.01;1.49847;29.485
1099;0.01;1.49678;29.4458
1100;0.01;1.49509;29.4067
1101;0.01;1.49341;29.3679
1102;0.01;1.49174;29.3293
1103;0.01;1.49008;29.2909
1104;0.01;1.48842;29.2528
1105;0.01;1.48677;29.2149
1106;0.01;1.48512;29.1772
1107;0.01;1.48349;29.1397
1108;0.01;1.48186;29.1025
1109;0.01;1.48023;29.0655
1110;0.01;1.47862;29.0287
1111;0.01;1.477;28.9922
1112;0.01;1.4754;28.9558
1113;0.01;1.4738;28.9197
1114;0.01;1.47221;28.8838
1115;0.01;1.47063;28.8481
1116;0.01;1.46905;28.8127
1117;0.01;1.46748;28.7774
1118;0.01;1.46591;28.7424
1119;0.01;1.46436;28.7076
1120;0.01;1.4628;28.673
1121;0.01;1.46126;28.6386
1122;0.01;1.45972;28.6044
1123;0.01;1.45819;28.5704
1124;0.01;1.45666;28.5367
1125;0.01;1.45514;28.5031
1126;0.01;1.45363;28.4698
1127;0.01;1.45212;28.4367
1128;0.01;1.45062;28.4037
1129;0.01;1.44912;28.371
1130;0.01;1.44763;28.3385
1131;0.01;1.44615;28.3062
1132;0.01;1.44468;28.2741
1133;0.01;1.44321;28.2422
1134;0.01;1.44174;28.2105
1135;0.01;1.44028;28.179
1136;0.01;1.43883;28.1476
1137;0.01;1.43738;28.1165
1138;0.01;1.43595;28.0856
1139;0.01;1.43451;28.0549
1140;0.01;1.43308;28.0244
1141;0.01;1.43166;27.9941
1142;0.01;1.43025;27.9639
1143;0.01;1.42884;27.934
1144;0.01;1.42743;27.9042
1145;0.01;1.42603;27.8747
1146;0.01;1.42464;27.8453
1147;0.01;1.42325;27.8161
1148;0.01;1.42187;27.7871
1149;0.01;1.4205;27.7583
1150;0.01;1.41913;27.7297
1151;0.01;1.41776;27.7013
1152;0.01;1.41641;27.673
1153;0.01;1.41505;27.6449
1154;0.01;1.41371;27.6171
1155;0.01;1.41237;27.5893
1156;0.01;1.41103;27.5618
1157;0.01;1.4097;27.5345
1158;0.01;1.40838;27.5073
1159;0.01;1.40706;27.4803
1160;0.01;1.40575;27.4535
1161;0.01;1.40444;27.4269
1162;0.01;1.40314;27.4004
1163;0.01;1.40184;27.3741
1164;0.01;1.40055;27.348
1165;0.01;1.39927;27.3221
1166;0.01;1.39799;27.2963
1167;0.01;1.39671;27.2707
1168;0.01;1.39544;27.2453
1169;0.01;1.39418;27.22
1170;0.01;1.39292;27.195
1171;0.01;1.39167;27.17
1172;0.01;1.39042;27.1453
1173;0.01;1.38918;27.1207
1174;0.01;1.38794;27.0963
1175;0.01;1.38671;27.072
1176;0.01;1.38548;27.0479
1177;0.01;1.38426;27.024
1178;0.01;1.38304;27.0002
1179;0.01;1.38183;26.9766
1180;0.01;1.38063;26.9531
1181;0.01;1.37943;26.9298
1182;0.01;1.37823;26.9067
1183;0.01;1.37704;26.8837
1184;0.01;1.37585;26.8609
1185;0.01;1.37467;26.8382
1186;0.01;1.3735;26.8157
1187;0.01;1.37233;26.7934
1188;0.01;1.37116;26.7711
1189;0.01;1.37;26.7491
1190;0.01;1.36885;26.7272
1191;0.01;1.3677;26.7054
1192;0.01;1.36655;26.6838
1193;0.01;1.36541;26.6624
1194;0.01;1.36427;26.6411
1195;0.01;1.36314;26.6199
1196;0.01;1.36202;26.5989
1197;0.01;1.3609;26.578
1198;0.01;1.35978;26.5573
1199;0.01;1.35867;26.5367
1200;0.01;1.35756;26.5163
1201;0.01;1.35646;26.496
1202;0.01;1.35536;26.4758
1203;0.01;1.35427;26.4558
1204;0.01;1.35318;26.4359
1205;0.01;1.3521;26.4162
1206;0.01;1.35102;26.3966
1207;0.01;1.34994;26.3771
1208;0.01;1.34887;26.3578
1209;0.01;1.34781;26.3386
1210;0.01;1.34675;26.3196
1211;0.01;1.34569;26.3007
1212;0.01;1.34464;26.2819
1213;0.01;1.34359;26.2632
1214;0.01;1.34255;26.2447
1215;0.01;1.34151;26.2263
1216;0.01;1.34048;26.2081
1217;0.01;1.33945;26.1899
1218;0.01;1.33843;26.1719
1219;0.01;1.33741;26.154
1220;0.01;1.33639;26.1363
1221;0.01;1.33538;26.1187
1222;0.01;1.33438;26.1012
1223;0.01;1.33337;26.0838
1224;0.01;1.33238;26.0666
1225;0.01;1.33138;26.0495
1226;0.01;1.33039;26.0325
1227;0.01;1.32941;26.0156
1228;0.01;1.32843;25.9988
1229;0.01;1.32745;25.9822
1230;0.01;1.32648;25.9657
1231;0.01;1.32551;25.9493
1232;0.01;1.32455;25.933
1233;0.01;1.32359;25.9169
1234;0.01;1.32263;25.9008
1235;0.01;1.32168;25.8849
1236;0.01;1.32073;25.8691
1237;0.01;1.31979;25.8534
1238;0.01;1.31885;25.8378
1239;0.01;1.31791;25.8224
1240;0.01;1.31698;25.807
1241;0.01;1.31606;25.7918
1242;0.01;1.31513;25.7766
1243;0.01;1.31422;25.7616
1244;0.01;1.3133;25.7467
1245;0.01;1.31239;25.7319
1246;0.01;1.31148;25.7172
1247;0.01;1.31058;25.7026
1248;0.01;1.30968;25.6882
1249;0.01;1.30879;25.6738
1250;0.01;1.3079;25.6595
1251;0.01;1.30701;25.6454
1252;0.01;1.30612;25.6313
1253;0.01;1.30525;25.6174
1254;0.01;1.30437;25.6035
1255;0.01;1.3035;25.5898
1256;0.01;1.30263;25.5762
1257;0.01;1.30177;25.5626
1258;0.01;1.30091;25.5492
1259;0.01;1.30005;25.5358
1260;0.01;1.2992;25.5226
1261;0.01;1.29835;25.5095
1262;0.01;1.2975;25.4964
1263;0.01;1.29666;25.4835
1264;0.01;1.29582;25.4706
1265;0.01;1.29499;25.4579
1266;0.01;1.29416;25.4452
1267;0.01;1.29333;25.4327
1268;0.01;1.29251;25.4202
1269;0.01;1.29169;25.4078
1270;0.01;1.29087;25.3955
1271;0.01;1.29006;25.3834
1272;0.01;1.28925;25.3713
1273;0.01;1.28845;25.3593
1274;0.01;1.28764;25.3474
1275;0.01;1.28685;25.3355
1276;0.01;1.28605;25.3238
1277;0.01;1.28526;25.3122
1278;0.01;1.28447;25.3006
1279;0.01;1.28369;25.2891
1280;0.01;1.28291;25.2778
1281;0.01;1.28213;25.2665
1282;0.01;1.28136;25.2553
1283;0.01;1.28058;25.2441
1284;0.01;1.27982;25.2331
1285;0.01;1.27905;25.2221
1286;0.01;1.27829;25.2113
1287;0.01;1.27754;25.2005
1288;0.01;1.27678;25.1898
1289;0.01;1.27603;25.1792
1290;0.01;1.27529;25.1686
1291;0.01;1.27454;25.1582
1292;0.01;1.2738;25.1478
1293;0.01;1.27306;25.1375
1294;0.01;1.27233;25.1273
1295;0.01;1.2716;25.1171
1296;0.01;1.27087;25.1071
1297;0.01;1.27015;25.0971
1298;0.01;1.26943;25.0872
1299;0.01;1.26871;25.0774
1300;0.01;1.268;25.0676
1301;0.01;1.26728;25.0579
1302;0.01;1.26658;25.0483
1303;0.01;1.26587;25.0388
1304;0.01;1.26517;25.0293
1305;0.01;1.26447;25.02
1306;0.01;1.26377;25.0107
1307;0.01;1.26308;25.0014
1308;0.01;1.26239;24.9923
1309;0.01;1.26171;24.9832
1310;0.01;1.26102;24.9741
1311;0.01;1.26034;24.9652
1312;0.01;1.25966;24.9563
1313;0.01;1.25899;24.9475
1314;0.01;1.25832;24.9388
1315;0.01;1.25765;24.9301
1316;0.01;1.25699;24.9215
1317;0.01;1.25632;24.913
1318;0.01;1.25566;24.9045
1319;0.01;1.25501;24.8961
1320;0.01;1.25435;24.8877
1321;0.01;1.2537;24.8795
1322;0.01;1.25306;24.8713
1323;0.01;1.25241;24.8631
1324;0.01;1.25177;24.8551
1325;0.01;1.25113;24.847
1326;0.01;1.25049;24.8391
1327;0.01;1.24986;24.8312
1328;0.01;1.24923;24.8234
1329;0.01;1.2486;24.8156
1330;0.01;1.24798;24.8079
1331;0.01;1.24736;24.8003
1332;0.01;1.24674;24.7927
1333;0.01;1.24612;24.7852
1334;0.01;1.24551;24.7777
1335;0.01;1.24489;24.7703
1336;0.01;1.24429;24.763
1337;0.01;1.24368;24.7557
1338;0.01;1.24308;24.7485
1339;0.01;1.24248;24.7413
1340;0.01;1.24188;24.7342
1341;0.01;1.24129;24.7272
1342;0.01;1.24069;24.7202
1343;0.01;1.2401;24.7133
1344;0.01;1.23952;24.7064
1345;0.01;1.23893;24.6995
1346;0.01;1.23835;24.6928
1347;0.01;1.23777;24.6861
1348;0.01;1.2372;24.6794
1349;0.01;1.23662;24.6728
1350;0.01;1.23605;24.6662
1351;0.01;1.23548;24.6597
1352;0.01;1.23492;24.6533
1353;0.01;1.23435;24.6469
1354;0.01;1.23379;24.6405
1355;0.01;1.23323;24.6342
1356;0.01;1.23268;24.628
1357;0.01;1.23212;24.6218
1358;0.01;1.23157;24.6157
1359;0.01;1.23102;24.6096
1360;0.01;1.23048;24.6035
1361;0.01;1.22994;24.5975
1362;0.01;1.22939;24.5916
1363;0.01;1.22886;24.5857
1364;0.01;1.22832;24.5798
1365;0.01;1.22779;24.574
1366;0.01;1.22725;24.5683
1367;0.01;1.22673;24.5626
1368;0.01;1.2262;24.5569
1369;0.01;1.22567;24.5513
1370;0.01;1.22515;24.5457
1371;0.01;1.22463;24.5402
1372;0.01;1.22412;24.5347
1373;0.01;1.2236;24.5293
1374;0.01;1.22309;24.5239
1375;0.01;1.22258;24.5186
1376;0.01;1.22207;24.5133
1377;0.01;1.22157;24.508
1378;0.01;1.22106;24.5028
1379;0.01;1.22056;24.4976
1380;0.01;1.22006;24.4925
1381;0.01;1.21957;24.4874
1382;0.01;1.21907;24.4824
1383;0.01;1.21858;24.4774
1384;0.01;1.21809;24.4724
1385;0.01;1.2176;24.4675
1386;0.01;1.21712;24.4626
1387;0.01;1.21663;24.4578
1388;0.01;1.21615;24.453
1389;0.01;1.21567;24.4482
1390;0.01;1.2152;24.4435
1391;0.01;1.21472;24.4388
1392;0.01;1.21425;24.4342
1393;0.01;1.21378;24.4296
1394;0.01;1.21331;24.425
1395;0.01;1.21285;24.4205
1396;0.01;1.21238;24.416
1397;0.01;1.21192;24.4115
1398;0.01;1.21146;24.4071
1399;0.01;1.211;24.4028
1400;0.01;1.21055;24.3984
1401;0.01;1.2101;24.3941
1402;0.01;1.20964;24.3898
1403;0.01;1.2092;24.3856
1404;0.01;1.20875;24.3814
1405;0.01;1.2083;24.3772
1406;0.01;1.20786;24.3731
1407;0.01;1.20742;24.369
1408;0.01;1.20698;24.365
1409;0.01;1.20654;24.3609
1410;0.01;1.20611;24.3569
1411;0.01;1.20567;24.353
1412;0.01;1.20524;24.3491
1413;0.01;1.20481;24.3452
1414;0.01;1.20439;24.3413
1415;0.01;1.20396;24.3375
1416;0.01;1.20354;24.3337
1417;0.01;1.20312;24.3299
1418;0.01;1.2027;24.3262
1419;0.01;1.20228;24.3225
1420;0.01;1.20186;24.3188
1421;0.01;1.20145;24.3152
1422;0.01;1.20104;24.3116
1423;0.01;1.20063;24.308
1424;0.01;1.20022;24.3045
1425;0.01;1.19981;24.3009
1426;0.01;1.19941;24.2975
1427;0.01;1.19901;24.294
1428;0.01;1.19861;24.2906
1429;0.01;1.19821;24.2872
1430;0.01;1.19781;24.2838
1431;0.01;1.19742;24.2805
1432;0.01;1.19702;24.2771
1433;0.01;1.19663;24.2739
1434;0.01;1.19624;24.2706
1435;0.01;1.19585;24.2674
1436;0.01;1.19547;24.2642
1437;0.01;1.19508;24.261
1438;0.01;1.1947;24.2578
1439;0.01;1.19432;24.2547
1440;0.01;1.19394;24.2516
1441;0.01;1.19356;24.2486
1442;0.01;1.19318;24.2455
1443;0.01;1.19281;24.2425
1444;0.01;1.19244;24.2395
1445;0.01;1.19207;24.2365
1446;0.01;1.1917;24.2336
1447;0.01;1.19133;24.2307
1448;0.01;1.19097;24.2278
1449;0.01;1.1906;24.2249
1450;0.01;1.19024;24.2221
1451;0.01;1.18988;24.2193
1452;0.01;1.18952;24.2165
1453;0.01;1.18916;24.2137
1454;0.01;1.18881;24.211
1455;0.01;1.18845;24.2083
1456;0.01;1.1881;24.2056
1457;0.01;1.18775;24.2029
1458;0.01;1.1874;24.2002
1459;0.01;1.18705;24.1976
1460;0.01;1.18671;24.195
1461;0.01;1.18636;24.1924
1462;0.01;1.18602;24.1899
1463;0.01;1.18568;24.1873
1464;0.01;1.18534;24.1848
1465;0.01;1.185;24.1823
1466;0.01;1.18466;24.1798
1467;0.01;1.18433;24.1774
1468;0.01;1.184;24.1749
1469;0.01;1.18366;24.1725
1470;0.01;1.18333;24.1701
1471;0.01;1.183;24.1678
1472;0.01;1.18268;24.1654
1473;0.01;1.18235;24.1631
1474;0.01;1.18203;24.1608
1475;0.01;1.1817;24.1585
1476;0.01;1.18138;24.1562
1477;0.01;1.18106;24.154
1478;0.01;1.18074;24.1518
1479;0.01;1.18043;24.1495
1480;0.01;1.18011;24.1474
1481;0.01;1.1798;24.1452
1482;0.01;1.17948;24.143
1483;0.01;1.17917;24.1409
1484;0.01;1.17886;24.1388
1485;0.01;1.17855;24.1367
1486;0.01;1.17825;24.1346
1487;0.01;1.17794;24.1325
1488;0.01;1.17764;24.1305
1489;0.01;1.17734;24.1285
1490;0.01;1.17703;24.1265
1491;0.01;1.17673;24.1245
1492;0.01;1.17644;24.1225
1493;0.01;1.17614;24.1205
1494;0.01;1.17584;24.1186
1495;0.01;1.17555;24.1167
1496;0.01;1.17525;24.1148
1497;0.01;1.17496;24.1129
1498;0.01;1.17467;24.111
1499;0.01;1.17438;24.1092
1500;0.01;1.1741;24.1073
1501;0.01;1.17381;24.1055
1502;0.01;1.17352;24.1037
1503;0.01;1.17324;24.1019
1504;0.01;1.17296;24.1001
1505;0.01;1.17268;24.0984
1506;0.01;1.1724;24.0966
1507;0.01;1.17212;24.0949
1508;0.01;1.17184;24.0932
1509;0.01;1.17157;24.0915
1510;0.01;1.17129;24.0898
1511;0.01;1.17102;24.0881
1512;0.01;1.17075;24.0865
1513;0.01;1.17047;24.0848
1514;0.01;1.1702;24.0832
1515;0.01;1.16994;24.0816
1516;0.01;1.16967;24.08
1517;0.01;1.1694;24.0784
1518;0.01;1.16914;24.0768
1519;0.01;1.16887;24.0753
1520;0.01;1.16861;24.0737
1521;0.01;1.16835;24.0722
1522;0.01;1.16809;24.0707
1523;0.01;1.16783;24.0692
1524;0.01;1.16758;24.0677
1525;0.01;1.16732;24.0662
1526;0.01;1.16706;24.0648
1527;0.01;1.16681;24.0633
1528;0.01;1.16656;24.0619
1529;0.01;1.16631;24.0604
1530;0.01;1.16606;24.059
1531;0.01;1.16581;24.0576
1532;0.01;1.16556;24.0562
1533;0.01;1.16531;24.0549
1534;0.01;1.16507;24.0535
1535;0.01;1.16482;24.0522
1536;0.01;1.16458;24.0508
1537;0.01;1.16434;24.0495
1538;0.01;1.16409;24.0482
1539;0.01;1.16385;24.0469
1540;0.01;1.16361;24.0456
1541;0.01;1.16338;24.0443
1542;0.01;1.16314;24.043
1543;0.01;1.1629;24.0418
1544;0.01;1.16267;24.0405
1545;0.01;1.16244;24.0393
1546;0.01;1.1622;24.0381
1547;0.01;1.16197;24.0369
1548;0.01;1.16174;24.0357
1549;0.01;1.16151;24.0345
1550;0.01;1.16128;24.0333
1551;0.01;1.16106;24.0321
1552;0.01;1.16083;24.0309
1553;0.01;1.16061;24.0298
1554;0.01;1.16038;24.0287
1555;0.01;1.16016;24.0275
1556;0.01;1.15994;24.0264
1557;0.01;1.15972;24.0253
1558;0.01;1.1595;24.0242
1559;0.01;1.15928;24.0231
1560;0.01;1.15906;24.022
1561;0.01;1.15884;24.021
1562;0.01;1.15863;24.0199
1563;0.01;1.15841;24.0188
1564;0.01;1.1582;24.0178
1565;0.01;1.15799;24.0168
1566;0.01;1.15777;24.0157
1567;0.01;1.15756;24.0147
1568;0.01;1.15735;24.0137
1569;0.01;1.15715;24.0127
1570;0.01;1.15694;24.0117
1571;0.01;1.15673;24.0108
1572;0.01;1.15652;24.0098
1573;0.01;1.15632;24.0088
1574;0.01;1.15612;24.0079
1575;0.01;1.15591;24.0069
1576;0.01;1.15571;24.006
1577;0.01;1.15551;24.0051
1578;0.01;1.15531;24.0041
1579;0.01;1.15511;24.0032
1580;0.01;1.15491;24.0023
1581;0.01;1.15471;24.0014
1582;0.01;1.15452;24.0006
1583;0.01;1.15432;23.9997
1584;0.01;1.15413;23.9988
1585;0.01;1.15393;23.9979
1586;0.01;1.15374;23.9971
1587;0.01;1.15355;23.9962
1588;0.01;1.15336;23.9954
1589;0.01;1.15317;23.9946
1590;0.01;1.15298;23.9937
1591;0.01;1.15279;23.9929
1592;0.01;1.1526;23.9921
1593;0.01;1.15241;23.9913
1594;0.01;1.15223;23.9905
1595;0.01;1.15204;23.9897
1596;0.01;1.15186;23.9889
1597;0.01;1.15168;23.9882
1598;0.01;1.15149;23.9874
1599;0.01;1.15131;23.9866
1600;0.01;1.15113;23.9859
1601;0.01;1.15095;23.9851
1602;0.01;1.15077;23.9844
1603;0.01;1.15059;23.9837
1604;0.01;1.15042;23.9829
1605;0.01;1.15024;23.9822
1606;0.01;1.15006;23.9815
1607;0.01;1.14989;23.9808
1608;0.01;1.14972;23.9801
1609;0.01;1.14954;23.9794
1610;0.01;1.14937;23.9787
1611;0.01;1.1492;23.978
1612;0.01;1.14903;23.9774
1613;0.01;1.14886;23.9767
1614;0.01;1.14869;23.976
1615;0.01;1.14852;23.9754
1616;0.01;1.14835;23.9747
1617;0.01;1.14818;23.9741
1618;0.01;1.14802;23.9734
1619;0.01;1.14785;23.9728
1620;0.01;1.14769;23.9722
1621;0.01;1.14752;23.9715
1622;0.01;1.14736;23.9709
1623;0.01;1.1472;23.9703
1624;0.01;1.14704;23.9697
1625;0.01;1.14688;23.9691
1626;0.01;1.14672;23.9685
1627;0.01;1.14656;23.9679
1628;0.01;1.1464;23.9673
1629;0.01;1.14624;23.9667
1630;0.01;1.14608;23.9662
1631;0.01;1.14593;23.9656
1632;0.01;1.14577;23.965
1633;0.01;1.14562;23.9645
1634;0.01;1.14546;23.9639
1635;0.01;1.14531;23.9634
1636;0.01;1.14516;23.9628
1637;0.01;1.145;23.9623
1638;0.01;1.14485;23.9618
1639;0.01;1.1447;23.9612
1640;0.01;1.14455;23.9607
1641;0.01;1.1444;23.9602
1642;0.01;1.14426;23.9597
1643;0.01;1.14411;23.9592
1644;0.01;1.14396;23.9587
1645;0.01;1.14381;23.9582
1646;0.01;1.14367;23.9577
1647;0.01;1.14352;23.9572
1648;0.01;1.14338;23.9567
1649;0.01;1.14323;23.9562
1650;0.01;1.14309;23.9557
1651;0.01;1.14295;23.9553
1652;0.01;1.14281;23.9548
1653;0.01;1.14267;23.9543
1654;0.01;1.14253;23.9539
1655;0.01;1.14239;23.9534
1656;0.01;1.14225;23.9529
1657;0.01;1.14211;23.9525
1658;0.01;1.14197;23.9521
1659;0.01;1.14183;23.9516
1660;0.01;1.1417;23.9512
1661;0.01;1.14156;23.9507
1662;0.01;1.14143;23.9503
1663;0.01;1.14129;23.9499
1664;0.01;1.14116;23.9495
1665;0.01;1.14102;23.9491
1666;0.01;1.14089;23.9486
1667;0.01;1.14076;23.9482
1668;0.01;1.14063;23.9478
1669;0.01;1.1405;23.9474
1670;0.01;1.14037;23.947
1671;0.01;1.14024;23.9466
1672;0.01;1.14011;23.9462
1673;0.01;1.13998;23.9459
1674;0.01;1.13985;23.9455
1675;0.01;1.13973;23.9451
1676;0.01;1.1396;23.9447
1677;0.01;1.13947;23.9443
1678;0.01;1.13935;23.944
1679;0.01;1.13922;23.9436
1680;0.01;1.1391;23.9432
1681;0.01;1.13897;23.9429
1682;0.01;1.13885;23.9425
1683;0.01;1.13873;23.9422
1684;0.01;1.13861;23.9418
1685;0.01;1.13849;23.9415
1686;0.01;1.13836;23.9411
1687;0.01;1.13824;23.9408
1688;0.01;1.13813;23.9404
1689;0.01;1.13801;23.9401
1690;0.01;1.13789;23.9398
1691;0.01;1.13777;23.9395
1692;0.01;1.13765;23.9391
1693;0.01;1.13754;23.9388
1694;0.01;1.13742;23.9385
1695;0.01;1.1373;23.9382
1696;0.01;1.13719;23.9379
1697;0.01;1.13707;23.9375
1698;0.01;1.13696;23.9372
1699;0.01;1.13685;23.9369
1700;0.01;1.13673;23.9366
1701;0.01;1.13662;23.9363
1702;0.01;1.13651;23.936
1703;0.01;1.1364;23.9357
1704;0.01;1.13628;23.9355
1705;0.01;1.13617;23.9352
1706;0.01;1.13606;23.9349
1707;0.01;1.13595;23.9346
1708;0.01;1.13585;23.9343
1709;0.01;1.13574;23.934
1710;0.01;1.13563;23.9338
1711;0.01;1.13552;23.9335
1712;0.01;1.13542;23.9332
1713;0.01;1.13531;23.9329
1714;0.01;1.1352;23.9327
1715;0.01;1.1351;23.9324
1716;0.01;1.13499;23.9322
1717;0.01;1.13489;23.9319
1718;0.01;1.13478;23.9316
1719;0.01;1.13468;23.9314
1720;0.01;1.13458;23.9311
1721;0.01;1.13448;23.9309
1722;0.01;1.13437;23.9306
1723;0.01;1.13427;23.9304
1724;0.01;1.13417;23.9302
1725;0.01;1.13407;23.9299
1726;0.01;1.13397;23.9297
1727;0.01;1.13387;23.9294
1728;0.01;1.13377;23.9292
1729;0.01;1.13367;23.929
1730;0.01;1.13357;23.9287
1731;0.01;1.13348;23.9285
1732;0.01;1.13338;23.9283
1733;0.01;1.13328;23.9281
1734;0.01;1.13319;23.9279
1735;0.01;1.13309;23.9276
1736;0.01;1.13299;23.9274
1737;0.01;1.1329;23.9272
1738;0.01;1.13281;23.927
1739;0.01;1.13271;23.9268
1740;0.01;1.13262;23.9266
1741;0.01;1.13252;23.9264
1742;0.01;1.13243;23.9262
1743;0.01;1.13234;23.926
1744;0.01;1.13225;23.9258
1745;0.01;1.13216;23.9256
1746;0.01;1.13206;23.9254
1747;0.01;1.13197;23.9252
1748;0.01;1.13188;23.925
1749;0.01;1.13179;23.9248
1750;0.01;1.1317;23.9246
1751;0.01;1.13162;23.9244
1752;0.01;1.13153;23.9242
1753;0.01;1.13144;23.924
1754;0.01;1.13135;23.9238
1755;0.01;1.13126;23.9237
1756;0.01;1.13118;23.9235
1757;0.01;1.13109;23.9233
1758;0.01;1.131;23.9231
1759;0.01;1.13092;23.923
1760;0.01;1.13083;23.9228
1761;0.01;1.13075;23.9226
1762;0.01;1.13066;23.9224
1763;0.01;1.13058;23.9223
1764;0.01;1.1305;23.9221
1765;0.01;1.13041;23.9219
1766;0.01;1.13033;23.9218
1767;0.01;1.13025;23.9216
1768;0.01;1.13017;23.9214
1769;0.01;1.13008;23.9213
1770;0.01;1.13;23.9211
1771;0.01;1.12992;23.921
1772;0.01;1.12984;23.9208
1773;0.01;1.12976;23.9207
1774;0.01;1.12968;23.9205
1775;0.01;1.1296;23.9204
1776;0.01;1.12952;23.9202
1777;0.01;1.12944;23.9201
1778;0.01;1.12936;23.9199
1779;0.01;1.12929;23.9198
1780;0.01;1.12921;23.9196
1781;0.01;1.12913;23.9195
1782;0.01;1.12906;23.9193
1783;0.01;1.12898;23.9192
1784;0.01;1.1289;23.9191
1785;0.01;1.12883;23.9189
1786;0.01;1.12875;23.9188
1787;0.01;1.12868;23.9187
1788;0.01;1.1286;23.9185
1789;0.01;1.12853;23.9184
1790;0.01;1.12845;23.9183
1791;0.01;1.12838;23.9181
1792;0.01;1.12831;23.918
1793;0.01;1.12823;23.9179
1794;0.01;1.12816;23.9178
1795;0.01;1.12809;23.9176
1796;0.01;1.12802;23.9175
1797;0.01;1.12794;23.9174
1798;0.01;1.12787;23.9173
1799;0.01;1.1278;23.9171
1800;0.01;1.12773;23.917
1801;0.01;1.12766;23.9169
1802;0.01;1.12759;23.9168
1803;0.01;1.12752;23.9167
1804;0.01;1.12745;23.9166
1805;0.01;1.12738;23.9164
1806;0.01;1.12731;23.9163
1807;0.01;1.12725;23.9162
1808;0.01;1.12718;23.9161
1809;0.01;1.12711;23.916
1810;0.01;1.12704;23.9159
1811;0.01;1.12698;23.9158
1812;0.01;1.12691;23.9157
1813;0.01;1.12684;23.9156
1814;0.01;1.12678;23.9155
1815;0.01;1.12671;23.9154
1816;0.01;1.12665;23.9153
1817;0.01;1.12658;23.9151
1818;0.01;1.12652;23.915
1819;0.01;1.12645;23.9149
1820;0.01;1.12639;23.9148
1821;0.01;1.12632;23.9148
1822;0.01;1.12626;23.9147
1823;0.01;1.1262;23.9146
1824;0.01;1.12613;23.9145
1825;0.01;1.12607;23.9144
1826;0.01;1.12601;23.9143
1827;0.01;1.12595;23.9142
1828;0.01;1.12588;23.9141
1829;0.01;1.12582;23.914
1830;0.01;1.12576;23.9139
1831;0.01;1.1257;23.9138
1832;0.01;1.12564;23.9137
1833;0.01;1.12558;23.9136
1834;0.01;1.12552;23.9136
1835;0.01;1.12546;23.9135
1836;0.01;1.1254;23.9134
1837;0.01;1.12534;23.9133
1838;0.01;1.12528;23.9132
1839;0.01;1.12522;23.9131
1840;0.01;1.12516;23.913
1841;0.01;1.12511;23.913
1842;0.01;1.12505;23.9129
1843;0.01;1.12499;23.9128
1844;0.01;1.12493;23.9127
1845;0.01;1.12488;23.9127
1846;0.01;1.12482;23.9126
1847;0.01;1.12476;23.9125
1848;0.01;1.12471;23.9124
1849;0.01;1.12465;23.9123
1850;0.01;1.12459;23.9123
1851;0.01;1.12454;23.9122
1852;0.01;1.12448;23.9121
1853;0.01;1.12443;23.912
1854;0.01;1.12437;23.912
1855;0.01;1.12432;23.9119
1856;0.01;1.12426;23.9118
1857;0.01;1.12421;23.9118
1858;0.01;1.12416;23.9117
1859;0.01;1.1241;23.9116
1860;0.01;1.12405;23.9116
1861;0.01;1.124;23.9115
1862;0.01;1.12394;23.9114
1863;0.01;1.12389;23.9114
1864;0.01;1.12384;23.9113
1865;0.01;1.12379;23.9112
1866;0.01;1.12374;23.9112
1867;0.01;1.12368;23.9111
1868;0.01;1.12363;23.911
1869;0.01;1.12358;23.911
1870;0.01;1.12353;23.9109
1871;0.01;1.12348;23.9108
1872;0.01;1.12343;23.9108
1873;0.01;1.12338;23.9107
1874;0.01;1.12333;23.9107
1875;0.01;1.12328;23.9106
1876;0.01;1.12323;23.9106
1877;0.01;1.12318;23.9105
1878;0.01;1.12313;23.9104
1879;0.01;1.12309;23.9104
1880;0.01;1.12304;23.9103
1881;0.01;1.12299;23.9103
1882;0.01;1.12294;23.9102
1883;0.01;1.12289;23.9102
1884;0.01;1.12285;23.9101
1885;0.01;1.1228;23.91
1886;0.01;1.12275;23.91
1887;0.01;1.12271;23.9099
1888;0.01;1.12266;23.9099
1889;0.01;1.12261;23.9098
1890;0.01;1.12257;23.9098
1891;0.01;1.12252;23.9097
1892;0.01;1.12247;23.9097
1893;0.01;1.12243;23.9096
1894;0.01;1.12238;23.9096
1895;0.01;1.12234;23.9095
1896;0.01;1.12229;23.9095
1897;0.01;1.12225;23.9094
1898;0.01;1.1222;23.9094
1899;0.01;1.12216;23.9093
1900;0.01;1.12212;23.9093
1901;0.01;1.12207;23.9093
1902;0.01;1.12203;23.9092
1903;0.01;1.12199;23.9092
1904;0.01;1.12194;23.9091
1905;0.01;1.1219;23.9091
1906;0.01;1.12186;23.909
1907;0.01;1.12181;23.909
1908;0.01;1.12177;23.9089
1909;0.01;1.12173;23.9089
1910;0.01;1.12169;23.9089
1911;0.01;1.12165;23.9088
1912;0.01;1.1216;23.9088
1913;0.01;1.12156;23.9087
1914;0.01;1.12152;23.9087
1915;0.01;1.12148;23.9086
1916;0.01;1.12144;23.9086
1917;0.01;1.1214;23.9086
1918;0.01;1.12136;23.9085
1919;0.01;1.12132;23.9085
1920;0.01;1.12128;23.9084
1921;0.01;1.12124;23.9084
1922;0.01;1.1212;23.9084
1923;0.01;1.12116;23.9083
1924;0.01;1.12112;23.9083
1925;0.01;1.12108;23.9083
1926;0.01;1.12104;23.9082
1927;0.01;1.121;23.9082
1928;0.01;1.12096;23.9082
1929;0.01;1.12093;23.9081
1930;0.01;1.12089;23.9081
1931;0.01;1.12085;23.908
1932;0.01;1.12081;23.908
1933;0.01;1.12077;23.908
1934;0.01;1.12074;23.9079
1935;0.01;1.1207;23.9079
1936;0.01;1.12066;23.9079
1937;0.01;1.12063;23.9078
1938;0.01;1.12059;23.9078
1939;0.01;1.12055;23.9078
1940;0.01;1.12052;23.9077
1941;0.01;1.12048;23.9077
1942;0.01;1.12044;23.9077
1943;0.01;1.12041;23.9077
1944;0.01;1.12037;23.9076
1945;0.01;1.12034;23.9076
1946;0.01;1.1203;23.9076
1947;0.01;1.12027;23.9075
1948;0.01;1.12023;23.9075
1949;0.01;1.1202;23.9075
1950;0.01;1.12016;23.9074
1951;0.01;1.12013;23.9074
1952;0.01;1.12009;23.9074
1953;0.01;1.12006;23.9074
1954;0.01;1.12002;23.9073
1955;0.01;1.11999;23.9073
1956;0.01;1.11996;23.9073
1957;0.01;1.11992;23.9072
1958;0.01;1.11989;23.9072
1959;0.01;1.11986;23.9072
1960;0.01;1.11982;23.9072
1961;0.01;1.11979;23.9071
1962;0.01;1.11976;23.9071
1963;0.01;1.11972;23.9071
1964;0.01;1.11969;23.9071
1965;0.01;1.11966;23.907
1966;0.01;1.11963;23.907
1967;0.01;1.11959;23.907
1968;0.01;1.11956;23.907
1969;0.01;1.11953;23.9069
1970;0.01;1.1195;23.9069
1971;0.01;1.11947;23.9069
1972;0.01;1.11944;23.9069
1973;0.01;1.11941;23.9068
1974;0.01;1.11937;23.9068
1975;0.01;1.11934;23.9068
1976;0.01;1.11931;23.9068
1977;0.01;1.11928;23.9067
1978;0.01;1.11925;23.9067
1979;0.01;1.11922;23.9067
1980;0.01;1.11919;23.9067
1981;0.01;1.11916;23.9067
1982;0.01;1.11913;23.9066
1983;0.01;1.1191;23.9066
1984;0.01;1.11907;23.9066
1985;0.01;1.11904;23.9066
1986;0.01;1.11901;23.9066
1987;0.01;1.11898;23.9065
1988;0.01;1.11896;23.9065
1989;0.01;1.11893;23.9065
1990;0.01;1.1189;23.9065
1991;0.01;1.11887;23.9065
1992;0.01;1.11884;23.9064
1993;0.01;1.11881;23.9064
1994;0.01;1.11878;23.9064
1995;0.01;1.11876;23.9064
1996;0.01;1.11873;23.9064
1997;0.01;1.1187;23.9063
1998;0.01;1.11867;23.9063
1999;0.01;1.11865;23.9063
2000;0.01;1.11862;23.9063
