t;x1_sim;x2_sim;x1_exp;x2_exp
0,000000;0,000000;0,000000;0,000000;0,000000
0,100000;0,000549;0,012221;0,000549;0,012221
0,200000;0,004474;0,047663;0,004474;0,047663
0,300000;0,015227;0,104327;0,015227;0,104327
0,400000;0,035929;0,180113;0,035929;0,180113
0,500000;0,069038;0,272954;0,069038;0,272954
0,600000;0,116143;0,380892;0,116143;0,380892
0,700000;0,177888;0,502122;0,177888;0,502122
0,800000;0,254008;0,634995;0,254008;0,634995
0,900000;0,343443;0,777999;0,343443;0,777999
1,000000;0,444512;0,929720;0,444512;0,929719
1,100000;0,555105;1,088797;0,555105;1,088800
1,200000;0,672883;1,253878;0,672883;1,253880
1,300000;0,795452;1,423583;0,795453;1,423580
1,400000;0,920515;1,596479;0,920516;1,596480
1,500000;1,045970;1,771065;1,045970;1,771060
1,600000;1,169978;1,945774;1,169980;1,945770
1,700000;1,290990;2,118989;1,290990;2,118990
1,800000;1,407740;2,289060;1,407740;2,289060
1,900000;1,519219;2,454339;1,519220;2,454340
2,000000;1,624630;2,613209;1,624630;2,613210
2,100000;1,723341;2,764118;1,723340;2,764120
2,200000;1,814840;2,905611;1,814840;2,905610
2,300000;1,898688;3,036356;1,898690;3,036360
2,400000;1,974492;3,155167;1,974490;3,155170
2,500000;2,041888;3,261021;2,041890;3,261020
2,600000;2,100528;3,353066;2,100530;3,353070
2,700000;2,150083;3,430628;2,150080;3,430630
2,800000;2,190257;3,493212;2,190260;3,493210
2,900000;2,220796;3,540497;2,220800;3,540500
3,000000;2,241508;3,572335;2,241510;3,572330
3,100000;2,252279;3,588739;2,252280;3,588740
3,200000;2,253090;3,589877;2,253090;3,589880
3,300000;2,244024;3,576064;2,244020;3,576060
3,400000;2,225274;3,547750;2,225270;3,547750
3,500000;2,197149;3,505515;2,197150;3,505510
3,600000;2,160063;3,450055;2,160060;3,450060
3,700000;2,114536;3,382181;2,114540;3,382180
3,800000;2,061180;3,302799;2,061180;3,302800
3,900000;2,000687;3,212910;2,000690;3,212910
4,000000;1,933819;3,113597;1,933820;3,113600
4,100000;1,861390;3,006012;1,861390;3,006010
4,200000;1,784255;2,891366;1,784260;2,891370
4,300000;1,703298;2,770921;1,703300;2,770920
4,400000;1,619415;2,645970;1,619410;2,645970
4,500000;1,533512;2,517831;1,533510;2,517830
4,600000;1,446488;2,387829;1,446490;2,387830
4,700000;1,359229;2,257286;1,359230;2,257290
4,800000;1,272602;2,127504;1,272600;2,127500
4,900000;1,187446;1,999756;1,187450;1,999760
5,000000;1,104568;1,875269;1,104570;1,875270
5,100000;1,024734;1,755217;1,024730;1,755220
5,200000;0,948666;1,640706;0,948666;1,640710
5,300000;0,877037;1,532766;0,877037;1,532770
5,400000;0,810464;1,432343;0,810464;1,432340
5,500000;0,749504;1,340287;0,749504;1,340290
5,600000;0,694650;1,257351;0,694650;1,257350
5,700000;0,646328;1,184180;0,646327;1,184180
5,800000;0,604891;1,121313;0,604891;1,121310
5,900000;0,570622;1,069173;0,570621;1,069170
6,000000;0,543723;1,028069;0,543723;1,028070
6,100000;0,524324;0,998198;0,524324;0,998198
6,200000;0,512476;0,979638;0,512475;0,979638
6,300000;0,508153;0,972356;0,508153;0,972356
6,400000;0,511258;0,976207;0,511258;0,976207
6,500000;0,521618;0,990940;0,521618;0,990940
6,600000;0,538993;1,016201;0,538993;1,016200
6,700000;0,563076;1,051538;0,563076;1,051540
6,800000;0,593500;1,096410;0,593500;1,096410
6,900000;0,629843;1,150189;0,629843;1,150190
7,000000;0,671630;1,212173;0,671630;1,212170
7,100000;0,718342;1,281593;0,718342;1,281590
7,200000;0,769423;1,357619;0,769423;1,357620
7,300000;0,824282;1,439372;0,824282;1,439370
7,400000;0,882304;1,525935;0,882305;1,525940
7,500000;0,942854;1,616359;0,942854;1,616360
7,600000;1,005284;1,709674;1,005280;1,709670
7,700000;1,068940;1,804903;1,068940;1,804900
7,800000;1,133168;1,901065;1,133170;1,901070
7,900000;1,197324;1,997192;1,197320;1,997190
8,000000;1,260772;2,092332;1,260770;2,092330
8,100000;1,322900;2,185563;1,322900;2,185560
8,200000;1,383117;2,275999;1,383120;2,276000
8,300000;1,440865;2,362797;1,440870;2,362800
8,400000;1,495620;2,445169;1,495620;2,445170
8,500000;1,546897;2,522384;1,546900;2,522380
8,600000;1,594254;2,593776;1,594250;2,593780
8,700000;1,637299;2,658751;1,637300;2,658750
8,800000;1,675688;2,716787;1,675690;2,716790
8,900000;1,709130;2,767444;1,709130;2,767440
9,000000;1,737388;2,810362;1,737390;2,810360
9,100000;1,760282;2,845262;1,760280;2,845260
9,200000;1,777687;2,871955;1,777690;2,871960
9,300000;1,789538;2,890332;1,789540;2,890330
9,400000;1,795822;2,900371;1,795820;2,900370
9,500000;1,796583;2,902132;1,796580;2,902130
9,600000;1,791921;2,895756;1,791920;2,895760
9,700000;1,781985;2,881462;1,781980;2,881460
9,800000;1,766973;2,859542;1,766970;2,859540
9,900000;1,747133;2,830360;1,747130;2,830360
10,000000;1,722752;2,794343;1,722750;2,794340
10,100000;1,694159;2,751979;1,694160;2,751980
10,200000;1,661717;2,703808;1,661720;2,703810
10,300000;1,625821;2,650417;1,625820;2,650420
10,400000;1,586893;2,592436;1,586890;2,592440
10,500000;1,545375;2,530526;1,545380;2,530530
10,600000;1,501729;2,465375;1,501730;2,465370
10,700000;1,456426;2,397689;1,456430;2,397690
10,800000;1,409948;2,328187;1,409950;2,328190
10,900000;1,362775;2,257592;1,362780;2,257590
11,000000;1,315389;2,186622;1,315390;2,186620
11,100000;1,268263;2,115989;1,268260;2,115990
11,200000;1,221857;2,046383;1,221860;2,046380
11,300000;1,176618;1,978475;1,176620;1,978480
11,400000;1,132971;1,912904;1,132970;1,912900
11,500000;1,091316;1,850274;1,091320;1,850270
11,600000;1,052030;1,791149;1,052030;1,791150
11,700000;1,015454;1,736047;1,015450;1,736050
11,800000;0,981899;1,685436;0,981899;1,685440
11,900000;0,951639;1,639731;0,951639;1,639730
12,000000;0,924911;1,599291;0,924911;1,599290
12,100000;0,901912;1,564415;0,901912;1,564420
12,200000;0,882798;1,535342;0,882798;1,535340
12,300000;0,867684;1,512249;0,867684;1,512250
12,400000;0,856642;1,495249;0,856642;1,495250
12,500000;0,849705;1,484394;0,849705;1,484390
12,600000;0,846862;1,479675;0,846862;1,479680
12,700000;0,848063;1,481020;0,848063;1,481020
12,800000;0,853219;1,488300;0,853219;1,488300
12,900000;0,862203;1,501330;0,862203;1,501330
13,000000;0,874853;1,519871;0,874853;1,519870
13,100000;0,890974;1,543633;0,890974;1,543630
13,200000;0,910339;1,572282;0,910339;1,572280
13,300000;0,932696;1,605440;0,932696;1,605440
13,400000;0,957765;1,642694;0,957765;1,642690
13,500000;0,985247;1,683595;0,985247;1,683600
13,600000;1,014823;1,727671;1,014820;1,727670
13,700000;1,046160;1,774422;1,046160;1,774420
13,800000;1,078916;1,823337;1,078920;1,823340
13,900000;1,112737;1,873889;1,112740;1,873890
14,000000;1,147271;1,925546;1,147270;1,925550
14,100000;1,182160;1,977777;1,182160;1,977780
14,200000;1,217053;2,030053;1,217050;2,030050
14,300000;1,251604;2,081856;1,251600;2,081860
14,400000;1,285479;2,132682;1,285480;2,132680
14,500000;1,318354;2,182048;1,318350;2,182050
14,600000;1,349924;2,229492;1,349920;2,229490
14,700000;1,379901;2,274582;1,379900;2,274580
14,800000;1,408019;2,316917;1,408020;2,316920
14,900000;1,434035;2,356130;1,434030;2,356130
15,000000;1,457732;2,391893;1,457730;2,391890
15,100000;1,478919;2,423918;1,478920;2,423920
15,200000;1,497436;2,451959;1,497440;2,451960
15,300000;1,513150;2,475816;1,513150;2,475820
15,400000;1,525958;2,495333;1,525960;2,495330
15,500000;1,535791;2,510398;1,535790;2,510400
15,600000;1,542607;2,520948;1,542610;2,520950
15,700000;1,546397;2,526966;1,546400;2,526970
15,800000;1,547181;2,528478;1,547180;2,528480
15,900000;1,545009;2,525556;1,545010;2,525560
16,000000;1,539958;2,518313;1,539960;2,518310
16,100000;1,532135;2,506904;1,532140;2,506900
16,200000;1,521669;2,491521;1,521670;2,491520
16,300000;1,508715;2,472393;1,508720;2,472390
16,400000;1,493449;2,449781;1,493450;2,449780
16,500000;1,476065;2,423974;1,476060;2,423970
16,600000;1,456776;2,395290;1,456780;2,395290
16,700000;1,435810;2,364067;1,435810;2,364070
16,800000;1,413406;2,330664;1,413410;2,330660
16,900000;1,389814;2,295451;1,389810;2,295450
17,000000;1,365289;2,258814;1,365290;2,258810
17,100000;1,340093;2,221140;1,340090;2,221140
17,200000;1,314487;2,182824;1,314490;2,182820
17,300000;1,288733;2,144256;1,288730;2,144260
17,400000;1,263088;2,105822;1,263090;2,105820
17,500000;1,237804;2,067902;1,237800;2,067900
17,600000;1,213125;2,030860;1,213120;2,030860
17,700000;1,189283;1,995046;1,189280;1,995050
17,800000;1,166498;1,960791;1,166500;1,960790
17,900000;1,144975;1,928404;1,144980;1,928400
18,000000;1,124904;1,898170;1,124900;1,898170
18,100000;1,106454;1,870347;1,106450;1,870350
18,200000;1,089778;1,845164;1,089780;1,845160
18,300000;1,075007;1,822820;1,075010;1,822820
18,400000;1,062250;1,803482;1,062250;1,803480
18,500000;1,051596;1,787283;1,051600;1,787280
18,600000;1,043109;1,774324;1,043110;1,774320
18,700000;1,036832;1,764672;1,036830;1,764670
18,800000;1,032784;1,758357;1,032780;1,758360
18,900000;1,030964;1,755380;1,030960;1,755380
19,000000;1,031346;1,755705;1,031350;1,755710
19,100000;1,033885;1,759267;1,033880;1,759270
19,200000;1,038514;1,765967;1,038510;1,765970
19,300000;1,045148;1,775681;1,045150;1,775680
19,400000;1,053682;1,788253;1,053680;1,788250
19,500000;1,063995;1,803505;1,064000;1,803500
19,600000;1,075953;1,821234;1,075950;1,821230
19,700000;1,089403;1,841218;1,089400;1,841220
19,800000;1,104186;1,863216;1,104190;1,863220
19,900000;1,120130;1,886972;1,120130;1,886970
20,000000;1,137053;1,912216;1,137050;1,912220
20,100000;1,154770;1,938671;1,154770;1,938670
20,200000;1,173091;1,966051;1,173090;1,966050
20,300000;1,191823;1,994068;1,191820;1,994070
20,400000;1,210772;2,022433;1,210770;2,022430
20,500000;1,229746;2,050858;1,229750;2,050860
20,600000;1,248558;2,079060;1,248560;2,079060
20,700000;1,267024;2,106765;1,267020;2,106760
20,800000;1,284969;2,133708;1,284970;2,133710
20,900000;1,302224;2,159637;1,302220;2,159640
21,000000;1,318632;2,184314;1,318630;2,184310
21,100000;1,334047;2,207520;1,334050;2,207520
21,200000;1,348336;2,229054;1,348340;2,229050
21,300000;1,361377;2,248733;1,361380;2,248730
21,400000;1,373067;2,266398;1,373070;2,266400
21,500000;1,383315;2,281914;1,383320;2,281910
21,600000;1,392048;2,295168;1,392050;2,295170
21,700000;1,399208;2,306071;1,399210;2,306070
21,800000;1,404755;2,314562;1,404750;2,314560
21,900000;1,408663;2,320602;1,408660;2,320600
22,000000;1,410927;2,324178;1,410930;2,324180
22,100000;1,411554;2,325302;1,411550;2,325300
22,200000;1,410571;2,324010;1,410570;2,324010
22,300000;1,408018;2,320361;1,408020;2,320360
22,400000;1,403949;2,314435;1,403950;2,314440
22,500000;1,398435;2,306336;1,398430;2,306340
22,600000;1,391557;2,296185;1,391560;2,296190
22,700000;1,383410;2,284122;1,383410;2,284120
22,800000;1,374098;2,270302;1,374100;2,270300
22,900000;1,363737;2,254897;1,363740;2,254900
23,000000;1,352448;2,238088;1,352450;2,238090
23,100000;1,340361;2,220069;1,340360;2,220070
23,200000;1,327611;2,201042;1,327610;2,201040
23,300000;1,314337;2,181214;1,314340;2,181210
23,400000;1,300680;2,160796;1,300680;2,160800
23,500000;1,286783;2,140003;1,286780;2,140000
23,600000;1,272788;2,119046;1,272790;2,119050
23,700000;1,258835;2,098137;1,258830;2,098140
23,800000;1,245062;2,077482;1,245060;2,077480
23,900000;1,231600;2,057279;1,231600;2,057280
24,000000;1,218579;2,037722;1,218580;2,037720
24,100000;1,206118;2,018989;1,206120;2,018990
24,200000;1,194329;2,001252;1,194330;2,001250
24,300000;1,183317;1,984667;1,183320;1,984670
24,400000;1,173176;1,969375;1,173180;1,969370
24,500000;1,163988;1,955504;1,163990;1,955500
24,600000;1,155828;1,943163;1,155830;1,943160
24,700000;1,148756;1,932445;1,148760;1,932450
24,800000;1,142821;1,923426;1,142820;1,923430
24,900000;1,138061;1,916162;1,138060;1,916160
25,000000;1,134499;1,910692;1,134500;1,910690
25,100000;1,132149;1,907034;1,132150;1,907030
25,200000;1,131010;1,905192;1,131010;1,905190
25,300000;1,131070;1,905147;1,131070;1,905150
25,400000;1,132307;1,906867;1,132310;1,906870
25,500000;1,134684;1,910301;1,134680;1,910300
25,600000;1,138157;1,915381;1,138160;1,915380
25,700000;1,142671;1,922026;1,142670;1,922030
25,800000;1,148160;1,930141;1,148160;1,930140
25,900000;1,154552;1,939616;1,154550;1,939620
26,000000;1,161767;1,950333;1,161770;1,950330
26,100000;1,169716;1,962160;1,169720;1,962160
26,200000;1,178309;1,974961;1,178310;1,974960
26,300000;1,187446;1,988589;1,187450;1,988590
26,400000;1,197027;2,002894;1,197030;2,002890
26,500000;1,206950;2,017721;1,206950;2,017720
26,600000;1,217109;2,032914;1,217110;2,032910
26,700000;1,227398;2,048316;1,227400;2,048320
26,800000;1,237715;2,063769;1,237720;2,063770
26,900000;1,247956;2,079120;1,247960;2,079120
27,000000;1,258021;2,094220;1,258020;2,094220
27,100000;1,267814;2,108922;1,267810;2,108920
27,200000;1,277244;2,123090;1,277240;2,123090
27,300000;1,286223;2,136594;1,286220;2,136590
27,400000;1,294672;2,149312;1,294670;2,149310
27,500000;1,302518;2,161134;1,302520;2,161130
27,600000;1,309693;2,171959;1,309690;2,171960
27,700000;1,316141;2,181701;1,316140;2,181700
27,800000;1,321811;2,190282;1,321810;2,190280
27,900000;1,326661;2,197641;1,326660;2,197640
28,000000;1,330660;2,203728;1,330660;2,203730
28,100000;1,333784;2,208507;1,333780;2,208510
28,200000;1,336019;2,211955;1,336020;2,211960
28,300000;1,337360;2,214065;1,337360;2,214070
28,400000;1,337811;2,214841;1,337810;2,214840
28,500000;1,337384;2,214300;1,337380;2,214300
28,600000;1,336101;2,212473;1,336100;2,212470
28,700000;1,333990;2,209404;1,333990;2,209400
28,800000;1,331088;2,205145;1,331090;2,205140
28,900000;1,327439;2,199762;1,327440;2,199760
29,000000;1,323094;2,193330;1,323090;2,193330
29,100000;1,318108;2,185933;1,318110;2,185930
29,200000;1,312544;2,177661;1,312540;2,177660
29,300000;1,306467;2,168615;1,306470;2,168610
29,400000;1,299948;2,158897;1,299950;2,158900
29,500000;1,293059;2,148618;1,293060;2,148620
29,600000;1,285876;2,137889;1,285880;2,137890
29,700000;1,278475;2,126825;1,278470;2,126830
29,800000;1,270934;2,115543;1,270930;2,115540
29,900000;1,263330;2,104158;1,263330;2,104160
30,000000;1,255739;2,092784;1,255740;2,092780
30,100000;1,248237;2,081535;1,248240;2,081530
30,200000;1,240896;2,070518;1,240900;2,070520
30,300000;1,233785;2,059840;1,233790;2,059840
30,400000;1,226971;2,049598;1,226970;2,049600
30,500000;1,220516;2,039886;1,220520;2,039890
30,600000;1,214475;2,030789;1,214480;2,030790
30,700000;1,208902;2,022387;1,208900;2,022390
30,800000;1,203842;2,014749;1,203840;2,014750
30,900000;1,199336;2,007935;1,199340;2,007940
31,000000;1,195417;2,001998;1,195420;2,002000
31,100000;1,192114;1,996980;1,192110;1,996980
31,200000;1,189446;1,992912;1,189450;1,992910
31,300000;1,187429;1,989817;1,187430;1,989820
31,400000;1,186070;1,987707;1,186070;1,987710
31,500000;1,185370;1,986583;1,185370;1,986580
31,600000;1,185322;1,986439;1,185320;1,986440
31,700000;1,185916;1,987256;1,185920;1,987260
31,800000;1,187132;1,989008;1,187130;1,989010
31,900000;1,188947;1,991661;1,188950;1,991660
32,000000;1,191332;1,995169;1,191330;1,995170
32,100000;1,194252;1,999484;1,194250;1,999480
32,200000;1,197667;2,004545;1,197670;2,004550
32,300000;1,201535;2,010290;1,201540;2,010290
32,400000;1,205809;2,016647;1,205810;2,016650
32,500000;1,210439;2,023543;1,210440;2,023540
32,600000;1,215371;2,030898;1,215370;2,030900
32,700000;1,220552;2,038632;1,220550;2,038630
32,800000;1,225925;2,046660;1,225920;2,046660
32,900000;1,231433;2,054898;1,231430;2,054900
33,000000;1,237020;2,063259;1,237020;2,063260
33,100000;1,242628;2,071659;1,242630;2,071660
33,200000;1,248202;2,080014;1,248200;2,080010
33,300000;1,253688;2,088242;1,253690;2,088240
33,400000;1,259031;2,096264;1,259030;2,096260
33,500000;1,264184;2,104004;1,264180;2,104000
33,600000;1,269097;2,111392;1,269100;2,111390
33,700000;1,273727;2,118361;1,273730;2,118360
33,800000;1,278034;2,124849;1,278030;2,124850
33,900000;1,281981;2,130803;1,281980;2,130800
34,000000;1,285536;2,136173;1,285540;2,136170
34,100000;1,288671;2,140917;1,288670;2,140920
34,200000;1,291363;2,145001;1,291360;2,145000
34,300000;1,293595;2,148396;1,293590;2,148400
34,400000;1,295353;2,151083;1,295350;2,151080
34,500000;1,296628;2,153047;1,296630;2,153050
34,600000;1,297417;2,154284;1,297420;2,154280
34,700000;1,297722;2,154795;1,297720;2,154800
34,800000;1,297548;2,154589;1,297550;2,154590
34,900000;1,296908;2,153682;1,296910;2,153680
35,000000;1,295815;2,152096;1,295820;2,152100
35,100000;1,294290;2,149860;1,294290;2,149860
35,200000;1,292356;2,147008;1,292360;2,147010
35,300000;1,290040;2,143580;1,290040;2,143580
35,400000;1,287371;2,139622;1,287370;2,139620
35,500000;1,284384;2,135183;1,284380;2,135180
35,600000;1,281114;2,130315;1,281110;2,130320
35,700000;1,277598;2,125076;1,277600;2,125080
35,800000;1,273877;2,119523;1,273880;2,119520
35,900000;1,269990;2,113719;1,269990;2,113720
36,000000;1,265980;2,107725;1,265980;2,107730
36,100000;1,261889;2,101605;1,261890;2,101600
36,200000;1,257758;2,095420;1,257760;2,095420
36,300000;1,253629;2,089235;1,253630;2,089230
36,400000;1,249544;2,083109;1,249540;2,083110
36,500000;1,245541;2,077102;1,245540;2,077100
36,600000;1,241659;2,071273;1,241660;2,071270
36,700000;1,237934;2,065674;1,237930;2,065670
36,800000;1,234399;2,060357;1,234400;2,060360
36,900000;1,231086;2,055369;1,231090;2,055370
37,000000;1,228024;2,050754;1,228020;2,050750
37,100000;1,225238;2,046549;1,225240;2,046550
37,200000;1,222751;2,042788;1,222750;2,042790
37,300000;1,220580;2,039501;1,220580;2,039500
37,400000;1,218743;2,036710;1,218740;2,036710
37,500000;1,217250;2,034435;1,217250;2,034430
37,600000;1,216109;2,032687;1,216110;2,032690
37,700000;1,215326;2,031473;1,215330;2,031470
37,800000;1,214901;2,030796;1,214900;2,030800
37,900000;1,214831;2,030652;1,214830;2,030650
38,000000;1,215111;2,031032;1,215110;2,031030
38,100000;1,215731;2,031922;1,215730;2,031920
38,200000;1,216678;2,033304;1,216680;2,033300
38,300000;1,217937;2,035155;1,217940;2,035150
38,400000;1,219488;2,037447;1,219490;2,037450
38,500000;1,221313;2,040149;1,221310;2,040150
38,600000;1,223386;2,043227;1,223390;2,043230
38,700000;1,225683;2,046644;1,225680;2,046640
38,800000;1,228176;2,050357;1,228180;2,050360
38,900000;1,230838;2,054327;1,230840;2,054330
39,000000;1,233639;2,058507;1,233640;2,058510
39,100000;1,236548;2,062853;1,236550;2,062850
39,200000;1,239534;2,067318;1,239530;2,067320
39,300000;1,242567;2,071857;1,242570;2,071860
39,400000;1,245616;2,076422;1,245620;2,076420
39,500000;1,248649;2,080969;1,248650;2,080970
39,600000;1,251638;2,085452;1,251640;2,085450
39,700000;1,254553;2,089828;1,254550;2,089830
39,800000;1,257368;2,094056;1,257370;2,094060
39,900000;1,260056;2,098097;1,260060;2,098100
40,000000;1,262593;2,101914;1,262590;2,101910
40,100000;1,264956;2,105475;1,264960;2,105480
40,200000;1,267127;2,108749;1,267130;2,108750
40,300000;1,269086;2,111708;1,269090;2,111710
40,400000;1,270819;2,114330;1,270820;2,114330
40,500000;1,272313;2,116595;1,272310;2,116590
40,600000;1,273557;2,118487;1,273560;2,118490
40,700000;1,274545;2,119995;1,274540;2,120000
40,800000;1,275271;2,121112;1,275270;2,121110
40,900000;1,275732;2,121833;1,275730;2,121830
41,000000;1,275931;2,122160;1,275930;2,122160
41,100000;1,275868;2,122096;1,275870;2,122100
41,200000;1,275551;2,121650;1,275550;2,121650
41,300000;1,274987;2,120833;1,274990;2,120830
41,400000;1,274187;2,119660;1,274190;2,119660
41,500000;1,273163;2,118151;1,273160;2,118150
41,600000;1,271929;2,116325;1,271930;2,116330
41,700000;1,270501;2,114208;1,270500;2,114210
41,800000;1,268898;2,111827;1,268900;2,111830
41,900000;1,267139;2,109208;1,267140;2,109210
42,000000;1,265243;2,106384;1,265240;2,106380
42,100000;1,263234;2,103385;1,263230;2,103390
42,200000;1,261131;2,100246;1,261130;2,100250
42,300000;1,258959;2,096999;1,258960;2,097000
42,400000;1,256739;2,093679;1,256740;2,093680
42,500000;1,254495;2,090320;1,254500;2,090320
42,600000;1,252250;2,086957;1,252250;2,086960
42,700000;1,250026;2,083622;1,250030;2,083620
42,800000;1,247843;2,080347;1,247840;2,080350
42,900000;1,245724;2,077165;1,245720;2,077170
43,000000;1,243688;2,074105;1,243690;2,074110
43,100000;1,241753;2,071195;1,241750;2,071190
43,200000;1,239937;2,068460;1,239940;2,068460
43,300000;1,238255;2,065926;1,238250;2,065930
43,400000;1,236721;2,063611;1,236720;2,063610
43,500000;1,235348;2,061537;1,235350;2,061540
43,600000;1,234147;2,059717;1,234150;2,059720
43,700000;1,233125;2,058167;1,233130;2,058170
43,800000;1,232290;2,056895;1,232290;2,056890
43,900000;1,231647;2,055909;1,231650;2,055910
44,000000;1,231197;2,055213;1,231200;2,055210
44,100000;1,230942;2,054809;1,230940;2,054810
44,200000;1,230880;2,054695;1,230880;2,054690
44,300000;1,231009;2,054866;1,231010;2,054870
44,400000;1,231323;2,055316;1,231320;2,055320
44,500000;1,231816;2,056035;1,231820;2,056030
44,600000;1,232480;2,057010;1,232480;2,057010
44,700000;1,233304;2,058227;1,233300;2,058230
44,800000;1,234278;2,059669;1,234280;2,059670
44,900000;1,235388;2,061318;1,235390;2,061320
45,000000;1,236622;2,063153;1,236620;2,063150
45,100000;1,237965;2,065152;1,237970;2,065150
45,200000;1,239402;2,067294;1,239400;2,067290
45,300000;1,240915;2,069553;1,240920;2,069550
45,400000;1,242490;2,071905;1,242490;2,071900
45,500000;1,244109;2,074325;1,244110;2,074330
45,600000;1,245755;2,076788;1,245750;2,076790
45,700000;1,247412;2,079269;1,247410;2,079270
45,800000;1,249062;2,081743;1,249060;2,081740
45,900000;1,250691;2,084185;1,250690;2,084180
46,000000;1,252281;2,086572;1,252280;2,086570
46,100000;1,253818;2,088881;1,253820;2,088880
46,200000;1,255288;2,091091;1,255290;2,091090
46,300000;1,256678;2,093182;1,256680;2,093180
46,400000;1,257975;2,095136;1,257970;2,095140
46,500000;1,259168;2,096935;1,259170;2,096930
46,600000;1,260248;2,098565;1,260250;2,098570
46,700000;1,261205;2,100014;1,261210;2,100010
46,800000;1,262034;2,101269;1,262030;2,101270
46,900000;1,262727;2,102323;1,262730;2,102320
47,000000;1,263281;2,103169;1,263280;2,103170
47,100000;1,263694;2,103803;1,263690;2,103800
47,200000;1,263962;2,104221;1,263960;2,104220
47,300000;1,264088;2,104425;1,264090;2,104430
47,400000;1,264071;2,104417;1,264070;2,104420
47,500000;1,263916;2,104200;1,263920;2,104200
47,600000;1,263626;2,103780;1,263630;2,103780
47,700000;1,263207;2,103166;1,263210;2,103170
47,800000;1,262665;2,102368;1,262660;2,102370
47,900000;1,262007;2,101397;1,262010;2,101400
48,000000;1,261244;2,100265;1,261240;2,100270
48,100000;1,260384;2,098987;1,260380;2,098990
48,200000;1,259438;2,097579;1,259440;2,097580
48,300000;1,258416;2,096057;1,258420;2,096060
48,400000;1,257331;2,094439;1,257330;2,094440
48,500000;1,256194;2,092741;1,256190;2,092740
48,600000;1,255017;2,090982;1,255020;2,090980
48,700000;1,253813;2,089182;1,253810;2,089180
48,800000;1,252595;2,087358;1,252590;2,087360
48,900000;1,251374;2,085529;1,251370;2,085530
49,000000;1,250163;2,083713;1,250160;2,083710
49,100000;1,248973;2,081929;1,248970;2,081930
49,200000;1,247817;2,080192;1,247820;2,080190
49,300000;1,246704;2,078520;1,246700;2,078520
49,400000;1,245645;2,076927;1,245640;2,076930
49,500000;1,244649;2,075429;1,244650;2,075430
49,600000;1,243726;2,074037;1,243730;2,074040
49,700000;1,242882;2,072764;1,242880;2,072760
49,800000;1,242124;2,071619;1,242120;2,071620
49,900000;1,241460;2,070613;1,241460;2,070610
50,000000;1,240892;2,069752;1,240890;2,069750
50,100000;1,240425;2,069041;1,240430;2,069040
50,200000;1,240063;2,068486;1,240060;2,068490
50,300000;1,239805;2,068088;1,239800;2,068090
50,400000;1,239653;2,067849;1,239650;2,067850
50,500000;1,239607;2,067767;1,239610;2,067770
50,600000;1,239664;2,067841;1,239660;2,067840
50,700000;1,239822;2,068067;1,239820;2,068070
50,800000;1,240079;2,068440;1,240080;2,068440
50,900000;1,240428;2,068953;1,240430;2,068950
51,000000;1,240865;2,069599;1,240870;2,069600
51,100000;1,241385;2,070368;1,241380;2,070370
51,200000;1,241980;2,071251;1,241980;2,071250
51,300000;1,242643;2,072236;1,242640;2,072240
51,400000;1,243366;2,073313;1,243370;2,073310
51,500000;1,244140;2,074467;1,244140;2,074470
51,600000;1,244958;2,075688;1,244960;2,075690
51,700000;1,245811;2,076961;1,245810;2,076960
51,800000;1,246688;2,078273;1,246690;2,078270
51,900000;1,247581;2,079609;1,247580;2,079610
52,000000;1,248481;2,080957;1,248480;2,080960
52,100000;1,249379;2,082303;1,249380;2,082300
52,200000;1,250266;2,083633;1,250270;2,083630
52,300000;1,251134;2,084935;1,251130;2,084930
52,400000;1,251973;2,086195;1,251970;2,086200
52,500000;1,252777;2,087404;1,252780;2,087400
52,600000;1,253538;2,088549;1,253540;2,088550
52,700000;1,254250;2,089621;1,254250;2,089620
52,800000;1,254906;2,090609;1,254910;2,090610
52,900000;1,255500;2,091507;1,255500;2,091510
53,000000;1,256029;2,092307;1,256030;2,092310
53,100000;1,256488;2,093003;1,256490;2,093000
53,200000;1,256875;2,093589;1,256870;2,093590
53,300000;1,257185;2,094063;1,257190;2,094060
53,400000;1,257419;2,094422;1,257420;2,094420
53,500000;1,257575;2,094664;1,257570;2,094660
53,600000;1,257653;2,094790;1,257650;2,094790
53,700000;1,257653;2,094799;1,257650;2,094800
53,800000;1,257578;2,094695;1,257580;2,094690
53,900000;1,257429;2,094480;1,257430;2,094480
54,000000;1,257210;2,094160;1,257210;2,094160
54,100000;1,256923;2,093738;1,256920;2,093740
54,200000;1,256574;2,093221;1,256570;2,093220
54,300000;1,256166;2,092617;1,256170;2,092620
54,400000;1,255705;2,091932;1,255700;2,091930
54,500000;1,255196;2,091175;1,255200;2,091170
54,600000;1,254645;2,090355;1,254650;2,090350
54,700000;1,254059;2,089481;1,254060;2,089480
54,800000;1,253444;2,088563;1,253440;2,088560
54,900000;1,252807;2,087611;1,252810;2,087610
55,000000;1,252154;2,086634;1,252150;2,086630
55,100000;1,251493;2,085644;1,251490;2,085640
55,200000;1,250829;2,084650;1,250830;2,084650
55,300000;1,250170;2,083662;1,250170;2,083660
55,400000;1,249521;2,082689;1,249520;2,082690
55,500000;1,248890;2,081742;1,248890;2,081740
55,600000;1,248282;2,080828;1,248280;2,080830
55,700000;1,247703;2,079956;1,247700;2,079960
55,800000;1,247157;2,079135;1,247160;2,079140
55,900000;1,246650;2,078371;1,246650;2,078370
56,000000;1,246186;2,077671;1,246190;2,077670
56,100000;1,245768;2,077040;1,245770;2,077040
56,200000;1,245400;2,076483;1,245400;2,076480
56,300000;1,245085;2,076005;1,245090;2,076010
56,400000;1,244825;2,075609;1,244820;2,075610
56,500000;1,244620;2,075296;1,244620;2,075300
56,600000;1,244473;2,075070;1,244470;2,075070
56,700000;1,244384;2,074929;1,244380;2,074930
56,800000;1,244351;2,074874;1,244350;2,074870
56,900000;1,244375;2,074904;1,244380;2,074900
57,000000;1,244455;2,075017;1,244450;2,075020
57,100000;1,244588;2,075210;1,244590;2,075210
57,200000;1,244771;2,075479;1,244770;2,075480
57,300000;1,245003;2,075821;1,245000;2,075820
57,400000;1,245280;2,076231;1,245280;2,076230
57,500000;1,245599;2,076704;1,245600;2,076700
57,600000;1,245955;2,077233;1,245950;2,077230
57,700000;1,246344;2,077812;1,246340;2,077810
57,800000;1,246762;2,078435;1,246760;2,078430
57,900000;1,247204;2,079094;1,247200;2,079090
58,000000;1,247665;2,079783;1,247660;2,079780
58,100000;1,248140;2,080493;1,248140;2,080490
58,200000;1,248625;2,081219;1,248620;2,081220
58,300000;1,249114;2,081951;1,249110;2,081950
58,400000;1,249602;2,082683;1,249600;2,082680
58,500000;1,250085;2,083407;1,250090;2,083410
58,600000;1,250558;2,084117;1,250560;2,084120
58,700000;1,251017;2,084805;1,251020;2,084810
58,800000;1,251456;2,085466;1,251460;2,085470
58,900000;1,251873;2,086093;1,251870;2,086090
59,000000;1,252263;2,086681;1,252260;2,086680
59,100000;1,252624;2,087224;1,252620;2,087220
59,200000;1,252951;2,087718;1,252950;2,087720
59,300000;1,253243;2,088160;1,253240;2,088160
59,400000;1,253498;2,088545;1,253500;2,088540
59,500000;1,253713;2,088871;1,253710;2,088870
59,600000;1,253887;2,089137;1,253890;2,089140
59,700000;1,254019;2,089339;1,254020;2,089340
59,800000;1,254109;2,089479;1,254110;2,089480
59,900000;1,254156;2,089555;1,254160;2,089550
60,000000;1,254162;2,089568;1,254160;2,089570
60,100000;1,254126;2,089519;1,254130;2,089520
60,200000;1,254050;2,089410;1,254050;2,089410
60,300000;1,253935;2,089242;1,253940;2,089240
60,400000;1,253784;2,089020;1,253780;2,089020
60,500000;1,253598;2,088745;1,253600;2,088740
60,600000;1,253380;2,088422;1,253380;2,088420
60,700000;1,253133;2,088055;1,253130;2,088050
60,800000;1,252860;2,087648;1,252860;2,087650
60,900000;1,252563;2,087206;1,252560;2,087210
61,000000;1,252247;2,086735;1,252250;2,086730
61,100000;1,251914;2,086239;1,251910;2,086240
61,200000;1,251569;2,085723;1,251570;2,085720
61,300000;1,251215;2,085194;1,251220;2,085190
61,400000;1,250856;2,084656;1,250860;2,084660
61,500000;1,250495;2,084116;1,250500;2,084120
61,600000;1,250136;2,083578;1,250140;2,083580
61,700000;1,249783;2,083048;1,249780;2,083050
61,800000;1,249439;2,082531;1,249440;2,082530
61,900000;1,249107;2,082032;1,249110;2,082030
62,000000;1,248789;2,081555;1,248790;2,081560
62,100000;1,248490;2,081105;1,248490;2,081110
62,200000;1,248212;2,080686;1,248210;2,080690
62,300000;1,247957;2,080301;1,247960;2,080300
62,400000;1,247727;2,079953;1,247730;2,079950
62,500000;1,247523;2,079646;1,247520;2,079650
62,600000;1,247348;2,079380;1,247350;2,079380
62,700000;1,247203;2,079159;1,247200;2,079160
62,800000;1,247088;2,078984;1,247090;2,078980
62,900000;1,247004;2,078855;1,247000;2,078850
63,000000;1,246952;2,078772;1,246950;2,078770
63,100000;1,246930;2,078737;1,246930;2,078740
63,200000;1,246940;2,078747;1,246940;2,078750
63,300000;1,246979;2,078803;1,246980;2,078800
63,400000;1,247048;2,078903;1,247050;2,078900
63,500000;1,247144;2,079044;1,247140;2,079040
63,600000;1,247267;2,079225;1,247270;2,079230
63,700000;1,247415;2,079444;1,247410;2,079440
63,800000;1,247585;2,079696;1,247590;2,079700
63,900000;1,247776;2,079980;1,247780;2,079980
64,000000;1,247986;2,080292;1,247990;2,080290
64,100000;1,248211;2,080628;1,248210;2,080630
64,200000;1,248450;2,080984;1,248450;2,080980
64,300000;1,248699;2,081356;1,248700;2,081360
64,400000;1,248957;2,081741;1,248960;2,081740
64,500000;1,249220;2,082135;1,249220;2,082130
64,600000;1,249485;2,082533;1,249490;2,082530
64,700000;1,249751;2,082931;1,249750;2,082930
64,800000;1,250014;2,083325;1,250010;2,083320
64,900000;1,250272;2,083712;1,250270;2,083710
65,000000;1,250522;2,084088;1,250520;2,084090
65,100000;1,250763;2,084449;1,250760;2,084450
65,200000;1,250991;2,084792;1,250990;2,084790
65,300000;1,251205;2,085114;1,251200;2,085110
65,400000;1,251403;2,085413;1,251400;2,085410
65,500000;1,251583;2,085685;1,251580;2,085680
65,600000;1,251744;2,085928;1,251740;2,085930
65,700000;1,251885;2,086142;1,251890;2,086140
65,800000;1,252004;2,086323;1,252000;2,086320
65,900000;1,252102;2,086471;1,252100;2,086470
66,000000;1,252177;2,086586;1,252180;2,086590
66,100000;1,252228;2,086666;1,252230;2,086670
66,200000;1,252257;2,086711;1,252260;2,086710
66,300000;1,252263;2,086723;1,252260;2,086720
66,400000;1,252246;2,086700;1,252250;2,086700
66,500000;1,252207;2,086645;1,252210;2,086640
66,600000;1,252148;2,086558;1,252150;2,086560
66,700000;1,252068;2,086440;1,252070;2,086440
66,800000;1,251969;2,086295;1,251970;2,086290
66,900000;1,251853;2,086122;1,251850;2,086120
67,000000;1,251720;2,085926;1,251720;2,085930
67,100000;1,251573;2,085707;1,251570;2,085710
67,200000;1,251414;2,085469;1,251410;2,085470
67,300000;1,251243;2,085215;1,251240;2,085210
67,400000;1,251063;2,084946;1,251060;2,084950
67,500000;1,250876;2,084667;1,250880;2,084670
67,600000;1,250685;2,084381;1,250680;2,084380
67,700000;1,250490;2,084089;1,250490;2,084090
67,800000;1,250293;2,083795;1,250290;2,083800
67,900000;1,250098;2,083502;1,250100;2,083500
68,000000;1,249906;2,083214;1,249910;2,083210
68,100000;1,249718;2,082932;1,249720;2,082930
68,200000;1,249536;2,082659;1,249540;2,082660
68,300000;1,249363;2,082398;1,249360;2,082400
68,400000;1,249199;2,082152;1,249200;2,082150
68,500000;1,249046;2,081922;1,249050;2,081920
68,600000;1,248906;2,081710;1,248910;2,081710
68,700000;1,248779;2,081519;1,248780;2,081520
68,800000;1,248667;2,081349;1,248670;2,081350
68,900000;1,248570;2,081201;1,248570;2,081200
69,000000;1,248489;2,081078;1,248490;2,081080
69,100000;1,248424;2,080980;1,248420;2,080980
69,200000;1,248377;2,080907;1,248380;2,080910
69,300000;1,248346;2,080859;1,248350;2,080860
69,400000;1,248332;2,080836;1,248330;2,080840
69,500000;1,248335;2,080839;1,248340;2,080840
69,600000;1,248355;2,080866;1,248350;2,080870
69,700000;1,248390;2,080917;1,248390;2,080920
69,800000;1,248441;2,080991;1,248440;2,080990
69,900000;1,248506;2,081087;1,248510;2,081090
70,000000;1,248584;2,081204;1,248580;2,081200
70,100000;1,248675;2,081339;1,248680;2,081340
70,200000;1,248778;2,081491;1,248780;2,081490
70,300000;1,248891;2,081659;1,248890;2,081660
70,400000;1,249012;2,081840;1,249010;2,081840
70,500000;1,249141;2,082032;1,249140;2,082030
70,600000;1,249276;2,082233;1,249280;2,082230
70,700000;1,249415;2,082442;1,249420;2,082440
70,800000;1,249558;2,082655;1,249560;2,082660
70,900000;1,249702;2,082871;1,249700;2,082870
71,000000;1,249847;2,083088;1,249850;2,083090
71,100000;1,249990;2,083302;1,249990;2,083300
71,200000;1,250131;2,083513;1,250130;2,083510
71,300000;1,250267;2,083718;1,250270;2,083720
71,400000;1,250399;2,083916;1,250400;2,083920
71,500000;1,250523;2,084104;1,250520;2,084100
71,600000;1,250641;2,084280;1,250640;2,084280
71,700000;1,250750;2,084444;1,250750;2,084440
71,800000;1,250849;2,084594;1,250850;2,084590
71,900000;1,250938;2,084728;1,250940;2,084730
72,000000;1,251016;2,084846;1,251020;2,084850
72,100000;1,251082;2,084947;1,251080;2,084950
72,200000;1,251136;2,085030;1,251140;2,085030
72,300000;1,251179;2,085094;1,251180;2,085090
72,400000;1,251208;2,085140;1,251210;2,085140
72,500000;1,251225;2,085167;1,251230;2,085170
72,600000;1,251230;2,085176;1,251230;2,085180
72,700000;1,251223;2,085166;1,251220;2,085170
72,800000;1,251203;2,085138;1,251200;2,085140
72,900000;1,251172;2,085093;1,251170;2,085090
73,000000;1,251130;2,085031;1,251130;2,085030
73,100000;1,251077;2,084953;1,251080;2,084950
73,200000;1,251015;2,084861;1,251020;2,084860
73,300000;1,250944;2,084756;1,250940;2,084760
73,400000;1,250865;2,084639;1,250870;2,084640
73,500000;1,250779;2,084511;1,250780;2,084510
73,600000;1,250687;2,084373;1,250690;2,084370
73,700000;1,250590;2,084229;1,250590;2,084230
73,800000;1,250489;2,084077;1,250490;2,084080
73,900000;1,250385;2,083922;1,250390;2,083920
74,000000;1,250279;2,083764;1,250280;2,083760
74,100000;1,250173;2,083604;1,250170;2,083600
74,200000;1,250066;2,083445;1,250070;2,083440
74,300000;1,249962;2,083288;1,249960;2,083290
74,400000;1,249859;2,083134;1,249860;2,083130
74,500000;1,249760;2,082985;1,249760;2,082980
74,600000;1,249665;2,082842;1,249670;2,082840
74,700000;1,249575;2,082707;1,249580;2,082710
74,800000;1,249492;2,082581;1,249490;2,082580
74,900000;1,249414;2,082465;1,249410;2,082460
75,000000;1,249345;2,082359;1,249340;2,082360
75,100000;1,249283;2,082265;1,249280;2,082270
75,200000;1,249229;2,082184;1,249230;2,082180
75,300000;1,249184;2,082115;1,249180;2,082120
75,400000;1,249147;2,082060;1,249150;2,082060
75,500000;1,249120;2,082019;1,249120;2,082020
75,600000;1,249103;2,081991;1,249100;2,081990
75,700000;1,249094;2,081977;1,249090;2,081980
75,800000;1,249094;2,081977;1,249090;2,081980
75,900000;1,249104;2,081990;1,249100;2,081990
76,000000;1,249122;2,082016;1,249120;2,082020
76,100000;1,249149;2,082055;1,249150;2,082050
76,200000;1,249183;2,082106;1,249180;2,082110
76,300000;1,249225;2,082167;1,249220;2,082170
76,400000;1,249274;2,082240;1,249270;2,082240
76,500000;1,249329;2,082321;1,249330;2,082320
76,600000;1,249389;2,082411;1,249390;2,082410
76,700000;1,249455;2,082509;1,249450;2,082510
76,800000;1,249524;2,082613;1,249520;2,082610
76,900000;1,249597;2,082722;1,249600;2,082720
77,000000;1,249673;2,082835;1,249670;2,082830
77,100000;1,249750;2,082950;1,249750;2,082950
77,200000;1,249828;2,083068;1,249830;2,083070
77,300000;1,249907;2,083185;1,249910;2,083190
77,400000;1,249985;2,083302;1,249990;2,083300
77,500000;1,250062;2,083417;1,250060;2,083420
77,600000;1,250136;2,083529;1,250140;2,083530
77,700000;1,250208;2,083637;1,250210;2,083640
77,800000;1,250276;2,083740;1,250280;2,083740
77,900000;1,250341;2,083836;1,250340;2,083840
78,000000;1,250400;2,083926;1,250400;2,083930
78,100000;1,250455;2,084009;1,250450;2,084010
78,200000;1,250504;2,084083;1,250500;2,084080
78,300000;1,250547;2,084148;1,250550;2,084150
78,400000;1,250584;2,084204;1,250580;2,084200
78,500000;1,250614;2,084250;1,250610;2,084250
78,600000;1,250638;2,084287;1,250640;2,084290
78,700000;1,250655;2,084313;1,250660;2,084310
78,800000;1,250665;2,084329;1,250670;2,084330
78,900000;1,250669;2,084335;1,250670;2,084330
79,000000;1,250665;2,084330;1,250670;2,084330
79,100000;1,250656;2,084317;1,250660;2,084320
79,200000;1,250639;2,084293;1,250640;2,084290
79,300000;1,250617;2,084261;1,250620;2,084260
79,400000;1,250589;2,084220;1,250590;2,084220
79,500000;1,250556;2,084170;1,250560;2,084170
79,600000;1,250518;2,084114;1,250520;2,084110
79,700000;1,250476;2,084051;1,250480;2,084050
79,800000;1,250430;2,083982;1,250430;2,083980
79,900000;1,250380;2,083908;1,250380;2,083910
80,000000;1,250327;2,083830;1,250330;2,083830
80,100000;1,250273;2,083748;1,250270;2,083750
80,200000;1,250216;2,083664;1,250220;2,083660
80,300000;1,250159;2,083578;1,250160;2,083580
80,400000;1,250101;2,083491;1,250100;2,083490
80,500000;1,250043;2,083405;1,250040;2,083400
80,600000;1,249986;2,083319;1,249990;2,083320
80,700000;1,249930;2,083235;1,249930;2,083240
80,800000;1,249876;2,083154;1,249880;2,083150
80,900000;1,249824;2,083076;1,249820;2,083080
81,000000;1,249775;2,083002;1,249780;2,083000
81,100000;1,249729;2,082933;1,249730;2,082930
81,200000;1,249687;2,082869;1,249690;2,082870
81,300000;1,249648;2,082811;1,249650;2,082810
81,400000;1,249614;2,082759;1,249610;2,082760
81,500000;1,249584;2,082714;1,249580;2,082710
81,600000;1,249559;2,082676;1,249560;2,082680
81,700000;1,249539;2,082645;1,249540;2,082640
81,800000;1,249523;2,082621;1,249520;2,082620
81,900000;1,249513;2,082605;1,249510;2,082610
82,000000;1,249508;2,082597;1,249510;2,082600
82,100000;1,249508;2,082596;1,249510;2,082600
82,200000;1,249512;2,082602;1,249510;2,082600
82,300000;1,249521;2,082615;1,249520;2,082620
82,400000;1,249535;2,082635;1,249540;2,082640
82,500000;1,249553;2,082662;1,249550;2,082660
82,600000;1,249576;2,082695;1,249580;2,082700
82,700000;1,249602;2,082734;1,249600;2,082730
82,800000;1,249631;2,082777;1,249630;2,082780
82,900000;1,249664;2,082826;1,249660;2,082830
83,000000;1,249699;2,082878;1,249700;2,082880
83,100000;1,249737;2,082935;1,249740;2,082930
83,200000;1,249776;2,082993;1,249780;2,082990
83,300000;1,249817;2,083055;1,249820;2,083050
83,400000;1,249859;2,083117;1,249860;2,083120
83,500000;1,249901;2,083181;1,249900;2,083180
83,600000;1,249944;2,083245;1,249940;2,083240
83,700000;1,249987;2,083309;1,249990;2,083310
83,800000;1,250028;2,083371;1,250030;2,083370
83,900000;1,250069;2,083432;1,250070;2,083430
84,000000;1,250108;2,083491;1,250110;2,083490
84,100000;1,250146;2,083547;1,250150;2,083550
84,200000;1,250181;2,083600;1,250180;2,083600
84,300000;1,250214;2,083650;1,250210;2,083650
84,400000;1,250244;2,083695;1,250240;2,083700
84,500000;1,250271;2,083736;1,250270;2,083740
84,600000;1,250295;2,083772;1,250290;2,083770
84,700000;1,250315;2,083803;1,250320;2,083800
84,800000;1,250332;2,083829;1,250330;2,083830
84,900000;1,250345;2,083849;1,250350;2,083850
85,000000;1,250355;2,083864;1,250360;2,083860
85,100000;1,250361;2,083874;1,250360;2,083870
85,200000;1,250363;2,083877;1,250360;2,083880
85,300000;1,250362;2,083876;1,250360;2,083880
85,400000;1,250357;2,083869;1,250360;2,083870
85,500000;1,250349;2,083857;1,250350;2,083860
85,600000;1,250337;2,083840;1,250340;2,083840
85,700000;1,250322;2,083818;1,250320;2,083820
85,800000;1,250305;2,083792;1,250300;2,083790
85,900000;1,250284;2,083762;1,250280;2,083760
86,000000;1,250262;2,083728;1,250260;2,083730
86,100000;1,250237;2,083691;1,250240;2,083690
86,200000;1,250210;2,083651;1,250210;2,083650
86,300000;1,250182;2,083609;1,250180;2,083610
86,400000;1,250152;2,083564;1,250150;2,083560
86,500000;1,250121;2,083519;1,250120;2,083520
86,600000;1,250090;2,083472;1,250090;2,083470
86,700000;1,250059;2,083425;1,250060;2,083430
86,800000;1,250027;2,083378;1,250030;2,083380
86,900000;1,249996;2,083331;1,250000;2,083330
87,000000;1,249966;2,083286;1,249970;2,083290
87,100000;1,249936;2,083241;1,249940;2,083240
87,200000;1,249908;2,083199;1,249910;2,083200
87,300000;1,249881;2,083158;1,249880;2,083160
87,400000;1,249856;2,083120;1,249860;2,083120
87,500000;1,249833;2,083085;1,249830;2,083090
87,600000;1,249811;2,083053;1,249810;2,083050
87,700000;1,249792;2,083024;1,249790;2,083020
87,800000;1,249776;2,082999;1,249780;2,083000
87,900000;1,249762;2,082978;1,249760;2,082980
88,000000;1,249751;2,082961;1,249750;2,082960
88,100000;1,249742;2,082948;1,249740;2,082950
88,200000;1,249736;2,082938;1,249740;2,082940
88,300000;1,249733;2,082933;1,249730;2,082930
88,400000;1,249732;2,082932;1,249730;2,082930
88,500000;1,249734;2,082935;1,249730;2,082940
88,600000;1,249739;2,082942;1,249740;2,082940
88,700000;1,249746;2,082952;1,249750;2,082950
88,800000;1,249756;2,082967;1,249760;2,082970
88,900000;1,249768;2,082984;1,249770;2,082980
89,000000;1,249782;2,083005;1,249780;2,083000
89,100000;1,249797;2,083028;1,249800;2,083030
89,200000;1,249815;2,083054;1,249810;2,083050
89,300000;1,249834;2,083082;1,249830;2,083080
89,400000;1,249854;2,083113;1,249850;2,083110
89,500000;1,249876;2,083145;1,249880;2,083140
89,600000;1,249898;2,083178;1,249900;2,083180
89,700000;1,249920;2,083212;1,249920;2,083210
89,800000;1,249944;2,083246;1,249940;2,083250
89,900000;1,249967;2,083281;1,249970;2,083280
90,000000;1,249990;2,083316;1,249990;2,083320
90,100000;1,250013;2,083350;1,250010;2,083350
90,200000;1,250035;2,083383;1,250030;2,083380
90,300000;1,250056;2,083415;1,250060;2,083420
90,400000;1,250077;2,083446;1,250080;2,083450
90,500000;1,250096;2,083475;1,250100;2,083480
90,600000;1,250114;2,083502;1,250110;2,083500
90,700000;1,250131;2,083527;1,250130;2,083530
90,800000;1,250145;2,083550;1,250150;2,083550
90,900000;1,250159;2,083569;1,250160;2,083570
91,000000;1,250170;2,083587;1,250170;2,083590
91,100000;1,250179;2,083601;1,250180;2,083600
91,200000;1,250187;2,083613;1,250190;2,083610
91,300000;1,250192;2,083621;1,250190;2,083620
91,400000;1,250196;2,083627;1,250200;2,083630
91,500000;1,250197;2,083629;1,250200;2,083630
91,600000;1,250197;2,083628;1,250200;2,083630
91,700000;1,250195;2,083625;1,250190;2,083630
91,800000;1,250190;2,083619;1,250190;2,083620
91,900000;1,250184;2,083610;1,250180;2,083610
92,000000;1,250176;2,083598;1,250180;2,083600
92,100000;1,250167;2,083584;1,250170;2,083580
92,200000;1,250156;2,083568;1,250160;2,083570
92,300000;1,250144;2,083550;1,250140;2,083550
92,400000;1,250130;2,083530;1,250130;2,083530
92,500000;1,250116;2,083509;1,250120;2,083510
92,600000;1,250101;2,083486;1,250100;2,083490
92,700000;1,250085;2,083462;1,250080;2,083460
92,800000;1,250068;2,083437;1,250070;2,083440
92,900000;1,250051;2,083412;1,250050;2,083410
93,000000;1,250034;2,083386;1,250030;2,083390
93,100000;1,250017;2,083361;1,250020;2,083360
93,200000;1,250000;2,083335;1,250000;2,083340
93,300000;1,249983;2,083310;1,249980;2,083310
93,400000;1,249967;2,083286;1,249970;2,083290
93,500000;1,249952;2,083263;1,249950;2,083260
93,600000;1,249937;2,083241;1,249940;2,083240
93,700000;1,249923;2,083220;1,249920;2,083220
93,800000;1,249910;2,083201;1,249910;2,083200
93,900000;1,249899;2,083183;1,249900;2,083180
94,000000;1,249888;2,083167;1,249890;2,083170
94,100000;1,249879;2,083153;1,249880;2,083150
94,200000;1,249871;2,083142;1,249870;2,083140
94,300000;1,249865;2,083132;1,249870;2,083130
94,400000;1,249860;2,083124;1,249860;2,083120
94,500000;1,249857;2,083119;1,249860;2,083120
94,600000;1,249855;2,083116;1,249850;2,083120
94,700000;1,249854;2,083115;1,249850;2,083120
94,800000;1,249855;2,083117;1,249860;2,083120
94,900000;1,249858;2,083120;1,249860;2,083120
95,000000;1,249862;2,083126;1,249860;2,083130
95,100000;1,249867;2,083133;1,249870;2,083130
95,200000;1,249873;2,083142;1,249870;2,083140
95,300000;1,249880;2,083153;1,249880;2,083150
95,400000;1,249889;2,083166;1,249890;2,083170
95,500000;1,249898;2,083180;1,249900;2,083180
95,600000;1,249908;2,083195;1,249910;2,083200
95,700000;1,249919;2,083211;1,249920;2,083210
95,800000;1,249931;2,083229;1,249930;2,083230
95,900000;1,249943;2,083246;1,249940;2,083250
96,000000;1,249955;2,083265;1,249960;2,083260
96,100000;1,249968;2,083284;1,249970;2,083280
96,200000;1,249980;2,083303;1,249980;2,083300
96,300000;1,249993;2,083321;1,249990;2,083320
96,400000;1,250005;2,083340;1,250010;2,083340
96,500000;1,250017;2,083358;1,250020;2,083360
96,600000;1,250029;2,083376;1,250030;2,083380
96,700000;1,250040;2,083393;1,250040;2,083390
96,800000;1,250051;2,083408;1,250050;2,083410
96,900000;1,250061;2,083423;1,250060;2,083420
97,000000;1,250070;2,083437;1,250070;2,083440
97,100000;1,250078;2,083449;1,250080;2,083450
97,200000;1,250085;2,083460;1,250090;2,083460
97,300000;1,250092;2,083470;1,250090;2,083470
97,400000;1,250097;2,083478;1,250100;2,083480
97,500000;1,250101;2,083484;1,250100;2,083480
97,600000;1,250104;2,083489;1,250100;2,083490
97,700000;1,250106;2,083492;1,250110;2,083490
97,800000;1,250107;2,083494;1,250110;2,083490
97,900000;1,250107;2,083494;1,250110;2,083490
98,000000;1,250106;2,083492;1,250110;2,083490
98,100000;1,250104;2,083489;1,250100;2,083490
98,200000;1,250101;2,083484;1,250100;2,083480
98,300000;1,250096;2,083478;1,250100;2,083480
98,400000;1,250091;2,083471;1,250090;2,083470
98,500000;1,250086;2,083462;1,250090;2,083460
98,600000;1,250079;2,083452;1,250080;2,083450
98,700000;1,250072;2,083442;1,250070;2,083440
98,800000;1,250064;2,083430;1,250060;2,083430
98,900000;1,250056;2,083418;1,250060;2,083420
99,000000;1,250047;2,083405;1,250050;2,083400
99,100000;1,250038;2,083391;1,250040;2,083390
99,200000;1,250029;2,083378;1,250030;2,083380
99,300000;1,250020;2,083364;1,250020;2,083360
99,400000;1,250010;2,083350;1,250010;2,083350
99,500000;1,250001;2,083336;1,250000;2,083340
99,600000;1,249992;2,083323;1,249990;2,083320
99,700000;1,249983;2,083309;1,249980;2,083310
99,800000;1,249975;2,083297;1,249970;2,083300
99,900000;1,249967;2,083284;1,249970;2,083280
100,000000;1,249959;2,083273;1,249960;2,083270
