t;x;y;vx;vy
0;0;100;-1.52914;0
0.01;-0.0152886;99.9995;-1.52856;-0.0956968
0.02;-0.0305708;99.9981;-1.52784;-0.191391
0.03;-0.045845;99.9957;-1.52697;-0.287078
0.04;-0.0611097;99.9923;-1.52595;-0.382755
0.05;-0.0763634;99.988;-1.52478;-0.478419
0.06;-0.0916047;99.9828;-1.52346;-0.574065
0.07;-0.106832;99.9766;-1.52199;-0.669689
0.08;-0.122044;99.9694;-1.52037;-0.765289
0.09;-0.137239;99.9613;-1.5186;-0.860861
0.1;-0.152415;99.9522;-1.51668;-0.9564
0.11;-0.167572;99.9421;-1.51461;-1.0519
0.12;-0.182707;99.9311;-1.5124;-1.14737
0.13;-0.197819;99.9192;-1.51004;-1.24279
0.14;-0.212907;99.9063;-1.50752;-1.33816
0.15;-0.227969;99.8924;-1.50486;-1.43349
0.16;-0.243004;99.8776;-1.50206;-1.52876
0.17;-0.25801;99.8618;-1.4991;-1.62397
0.18;-0.272986;99.8451;-1.496;-1.71913
0.19;-0.287929;99.8275;-1.49274;-1.81421
0.2;-0.30284;99.8088;-1.48935;-1.90923
0.21;-0.317716;99.7893;-1.4858;-2.00418
0.22;-0.332556;99.7688;-1.48211;-2.09905
0.23;-0.347358;99.7473;-1.47827;-2.19385
0.24;-0.36212;99.7249;-1.47428;-2.28856
0.25;-0.376843;99.7015;-1.47015;-2.38319
0.26;-0.391523;99.6772;-1.46588;-2.47772
0.27;-0.40616;99.652;-1.46145;-2.57217
0.28;-0.420752;99.6258;-1.45688;-2.66652
0.29;-0.435297;99.5986;-1.45217;-2.76076
0.3;-0.449795;99.5706;-1.44731;-2.85491
0.31;-0.464243;99.5415;-1.44231;-2.94895
0.32;-0.47864;99.5116;-1.43716;-3.04288
0.33;-0.492985;99.4807;-1.43186;-3.13669
0.34;-0.507277;99.4488;-1.42643;-3.23039
0.35;-0.521513;99.4161;-1.42085;-3.32397
0.36;-0.535693;99.3824;-1.41512;-3.41743
0.37;-0.549815;99.3477;-1.40925;-3.51076
0.38;-0.563878;99.3122;-1.40324;-3.60396
0.39;-0.57788;99.2756;-1.39709;-3.69702
0.4;-0.591819;99.2382;-1.39079;-3.78995
0.41;-0.605695;99.1998;-1.38436;-3.88274
0.42;-0.619506;99.1606;-1.37778;-3.97539
0.43;-0.63325;99.1203;-1.37106;-4.06789
0.44;-0.646927;99.0792;-1.36419;-4.16024
0.45;-0.660534;99.0371;-1.35719;-4.25244
0.46;-0.67407;98.9942;-1.35004;-4.34449
0.47;-0.687534;98.9502;-1.34276;-4.43637
0.48;-0.700925;98.9054;-1.33533;-4.52809
0.49;-0.71424;98.8597;-1.32777;-4.61965
0.5;-0.72748;98.813;-1.32007;-4.71105
0.51;-0.740641;98.7655;-1.31222;-4.80227
0.52;-0.753724;98.717;-1.30424;-4.89331
0.53;-0.766726;98.6676;-1.29612;-4.98418
0.54;-0.779646;98.6173;-1.28786;-5.07488
0.55;-0.792482;98.5661;-1.27947;-5.16538
0.56;-0.805234;98.514;-1.27093;-5.25571
0.57;-0.817901;98.461;-1.26226;-5.34584
0.58;-0.830479;98.4071;-1.25345;-5.43579
0.59;-0.842969;98.3523;-1.24451;-5.52554
0.6;-0.855369;98.2966;-1.23543;-5.61509
0.61;-0.867677;98.24;-1.22621;-5.70445
0.62;-0.879893;98.1825;-1.21686;-5.7936
0.63;-0.892014;98.1241;-1.20737;-5.88255
0.64;-0.90404;98.0648;-1.19775;-5.97129
0.65;-0.915969;98.0047;-1.188;-6.05982
0.66;-0.927799;97.9436;-1.17811;-6.14814
0.67;-0.93953;97.8817;-1.16809;-6.23624
0.68;-0.951161;97.8189;-1.15793;-6.32413
0.69;-0.962689;97.7552;-1.14764;-6.41179
0.7;-0.974113;97.6907;-1.13722;-6.49924
0.71;-0.985432;97.6252;-1.12666;-6.58646
0.72;-0.996646;97.5589;-1.11598;-6.67345
0.73;-1.00775;97.4918;-1.10516;-6.76021
0.74;-1.01875;97.4237;-1.09421;-6.84674
0.75;-1.02964;97.3548;-1.08313;-6.93303
0.76;-1.04041;97.2851;-1.07192;-7.01909
0.77;-1.05107;97.2145;-1.06058;-7.10491
0.78;-1.06162;97.143;-1.04912;-7.19049
0.79;-1.07206;97.0707;-1.03752;-7.27583
0.8;-1.08237;96.9975;-1.02579;-7.36092
0.81;-1.09257;96.9234;-1.01394;-7.44576
0.82;-1.10265;96.8486;-1.00195;-7.53036
0.83;-1.11261;96.7728;-0.989842;-7.6147
0.84;-1.12245;96.6963;-0.977604;-7.69879
0.85;-1.13216;96.6189;-0.965239;-7.78262
0.86;-1.14175;96.5406;-0.952748;-7.8662
0.87;-1.15122;96.4615;-0.940131;-7.94951
0.88;-1.16055;96.3816;-0.927388;-8.03257
0.89;-1.16976;96.3009;-0.91452;-8.11536
0.9;-1.17884;96.2193;-0.901527;-8.19789
0.91;-1.18779;96.1369;-0.88841;-8.28015
0.92;-1.19661;96.0537;-0.875168;-8.36214
0.93;-1.2053;95.9697;-0.861803;-8.44386
0.94;-1.21385;95.8848;-0.848314;-8.52531
0.95;-1.22226;95.7992;-0.834703;-8.60649
0.96;-1.23054;95.7127;-0.820969;-8.68739
0.97;-1.23868;95.6254;-0.807113;-8.76801
0.98;-1.24668;95.5374;-0.793136;-8.84836
0.99;-1.25454;95.4485;-0.779037;-8.92843
1;-1.26226;95.3588;-0.764817;-9.00821
1.01;-1.26984;95.2683;-0.750476;-9.08771
1.02;-1.27727;95.177;-0.736016;-9.16693
1.03;-1.28456;95.085;-0.721436;-9.24587
1.04;-1.2917;94.9921;-0.706736;-9.32451
1.05;-1.29869;94.8985;-0.691918;-9.40287
1.06;-1.30554;94.8041;-0.676981;-9.48094
1.07;-1.31223;94.7089;-0.661926;-9.55872
1.08;-1.31878;94.6129;-0.646753;-9.6362
1.09;-1.32517;94.5161;-0.631463;-9.7134
1.1;-1.3314;94.4186;-0.616055;-9.7903
1.11;-1.33749;94.3203;-0.600532;-9.8669
1.12;-1.34341;94.2213;-0.584892;-9.94321
1.13;-1.34919;94.1215;-0.569136;-10.0192
1.14;-1.3548;94.0209;-0.553265;-10.0949
1.15;-1.36025;93.9196;-0.537279;-10.1703
1.16;-1.36554;93.8175;-0.521178;-10.2455
1.17;-1.37067;93.7147;-0.504964;-10.3203
1.18;-1.37564;93.6111;-0.488635;-10.3948
1.19;-1.38045;93.5068;-0.472193;-10.469
1.2;-1.38508;93.4017;-0.455638;-10.5429
1.21;-1.38956;93.2959;-0.43897;-10.6165
1.22;-1.39386;93.1894;-0.42219;-10.6898
1.23;-1.398;93.0821;-0.405298;-10.7628
1.24;-1.40197;92.9741;-0.388294;-10.8354
1.25;-1.40577;92.8654;-0.371179;-10.9078
1.26;-1.40939;92.756;-0.353954;-10.9799
1.27;-1.41285;92.6458;-0.336618;-11.0516
1.28;-1.41612;92.5349;-0.319172;-11.1231
1.29;-1.41923;92.4234;-0.301616;-11.1942
1.3;-1.42216;92.3111;-0.283951;-11.265
1.31;-1.42491;92.1981;-0.266177;-11.3356
1.32;-1.42748;92.0843;-0.248295;-11.4058
1.33;-1.42987;91.9699;-0.230304;-11.4757
1.34;-1.43209;91.8548;-0.212206;-11.5452
1.35;-1.43412;91.739;-0.194;-11.6145
1.36;-1.43597;91.6225;-0.175687;-11.6835
1.37;-1.43763;91.5054;-0.157268;-11.7521
1.38;-1.43911;91.3875;-0.138742;-11.8204
1.39;-1.4404;91.269;-0.120109;-11.8885
1.4;-1.44151;91.1497;-0.101372;-11.9562
1.41;-1.44243;91.0298;-0.0825285;-12.0236
1.42;-1.44316;90.9093;-0.0635804;-12.0906
1.43;-1.4437;90.788;-0.0445277;-12.1574
1.44;-1.44405;90.6661;-0.0253706;-12.2238
1.45;-1.44421;90.5435;-0.00610962;-12.29
1.46;-1.44417;90.4203;0.013255;-12.3558
1.47;-1.44394;90.2964;0.0327227;-12.4213
1.48;-1.44352;90.1719;0.0522928;-12.4865
1.49;-1.4429;90.0467;0.0719647;-12.5514
1.5;-1.44208;89.9209;0.0917376;-12.6159
1.51;-1.44106;89.7944;0.111611;-12.6802
1.52;-1.43985;89.6673;0.131584;-12.7441
1.53;-1.43843;89.5395;0.151656;-12.8077
1.54;-1.43681;89.4111;0.171827;-12.871
1.55;-1.43499;89.2821;0.192096;-12.934
1.56;-1.43297;89.1524;0.212461;-12.9967
1.57;-1.43074;89.0222;0.232923;-13.059
1.58;-1.42831;88.8913;0.253481;-13.1211
1.59;-1.42567;88.7597;0.274133;-13.1828
1.6;-1.42283;88.6276;0.29488;-13.2442
1.61;-1.41978;88.4948;0.315721;-13.3054
1.62;-1.41652;88.3615;0.336655;-13.3662
1.63;-1.41304;88.2275;0.357681;-13.4266
1.64;-1.40936;88.093;0.378798;-13.4868
1.65;-1.40547;87.9578;0.400007;-13.5467
1.66;-1.40136;87.822;0.421305;-13.6062
1.67;-1.39704;87.6857;0.442694;-13.6655
1.68;-1.39251;87.5487;0.464171;-13.7244
1.69;-1.38776;87.4112;0.485736;-13.783
1.7;-1.38279;87.2731;0.507388;-13.8414
1.71;-1.37761;87.1344;0.529128;-13.8994
1.72;-1.37221;86.9951;0.550953;-13.9571
1.73;-1.36659;86.8552;0.572864;-14.0145
1.74;-1.36075;86.7148;0.594859;-14.0715
1.75;-1.35469;86.5738;0.616938;-14.1283
1.76;-1.34841;86.4322;0.6391;-14.1848
1.77;-1.34191;86.2901;0.661345;-14.241
1.78;-1.33519;86.1474;0.683671;-14.2968
1.79;-1.32824;86.0042;0.706079;-14.3524
1.8;-1.32106;85.8604;0.728567;-14.4077
1.81;-1.31366;85.716;0.751134;-14.4626
1.82;-1.30604;85.5711;0.773781;-14.5173
1.83;-1.29819;85.4257;0.796505;-14.5716
1.84;-1.29011;85.2797;0.819308;-14.6257
1.85;-1.2818;85.1331;0.842186;-14.6794
1.86;-1.27327;84.9861;0.865141;-14.7329
1.87;-1.2645;84.8385;0.888171;-14.7861
1.88;-1.2555;84.6904;0.911276;-14.8389
1.89;-1.24627;84.5417;0.934455;-14.8915
1.9;-1.23681;84.3925;0.957707;-14.9438
1.91;-1.22712;84.2428;0.981031;-14.9957
1.92;-1.21719;84.0926;1.00443;-15.0474
1.93;-1.20703;83.9419;1.02789;-15.0988
1.94;-1.19663;83.7906;1.05143;-15.1499
1.95;-1.186;83.6389;1.07504;-15.2007
1.96;-1.17513;83.4866;1.09871;-15.2512
1.97;-1.16403;83.3339;1.12246;-15.3014
1.98;-1.15268;83.1806;1.14627;-15.3514
1.99;-1.1411;83.0268;1.17014;-15.401
2;-1.12928;82.8726;1.19409;-15.4504
2.01;-1.11722;82.7178;1.2181;-15.4995
2.02;-1.10492;82.5626;1.24217;-15.5483
2.03;-1.09238;82.4069;1.26631;-15.5968
2.04;-1.07959;82.2507;1.29051;-15.645
2.05;-1.06657;82.094;1.31477;-15.6929
2.06;-1.0533;81.9368;1.33909;-15.7406
2.07;-1.03978;81.7792;1.36348;-15.788
2.08;-1.02603;81.621;1.38792;-15.8351
2.09;-1.01203;81.4625;1.41242;-15.8819
2.1;-0.997778;81.3034;1.43699;-15.9285
2.11;-0.983285;81.1439;1.46161;-15.9748
2.12;-0.968546;80.9839;1.48628;-16.0208
2.13;-0.953559;80.8235;1.51102;-16.0665
2.14;-0.938325;80.6626;1.53581;-16.1119
2.15;-0.922843;80.5012;1.56065;-16.1571
2.16;-0.907112;80.3394;1.58555;-16.202
2.17;-0.891132;80.1772;1.6105;-16.2467
2.18;-0.874902;80.0145;1.63551;-16.291
2.19;-0.858421;79.8514;1.66057;-16.3351
2.2;-0.84169;79.6878;1.68568;-16.379
2.21;-0.824708;79.5238;1.71084;-16.4226
2.22;-0.807473;79.3594;1.73605;-16.4659
2.23;-0.789987;79.1945;1.7613;-16.5089
2.24;-0.772247;79.0292;1.78661;-16.5517
2.25;-0.754254;78.8634;1.81197;-16.5942
2.26;-0.736008;78.6973;1.83737;-16.6365
2.27;-0.717507;78.5307;1.86282;-16.6785
2.28;-0.698751;78.3637;1.88831;-16.7203
2.29;-0.67974;78.1963;1.91385;-16.7618
2.3;-0.660474;78.0285;1.93943;-16.803
2.31;-0.640951;77.8603;1.96506;-16.844
2.32;-0.621173;77.6916;1.99073;-16.8847
2.33;-0.601137;77.5226;2.01644;-16.9252
2.34;-0.580844;77.3531;2.04219;-16.9655
2.35;-0.560293;77.1833;2.06799;-17.0054
2.36;-0.539484;77.013;2.09382;-17.0452
2.37;-0.518416;76.8424;2.11969;-17.0847
2.38;-0.49709;76.6713;2.1456;-17.1239
2.39;-0.475504;76.4999;2.17155;-17.1629
2.4;-0.453659;76.328;2.19754;-17.2017
2.41;-0.431553;76.1558;2.22356;-17.2402
2.42;-0.409187;75.9832;2.24962;-17.2785
2.43;-0.386561;75.8103;2.27571;-17.3165
2.44;-0.363673;75.6369;2.30184;-17.3543
2.45;-0.340524;75.4632;2.328;-17.3919
2.46;-0.317113;75.2891;2.3542;-17.4292
2.47;-0.29344;75.1146;2.38042;-17.4663
2.48;-0.269504;74.9398;2.40668;-17.5032
2.49;-0.245306;74.7645;2.43297;-17.5398
2.5;-0.220845;74.589;2.45929;-17.5762
2.51;-0.19612;74.413;2.48564;-17.6123
2.52;-0.171132;74.2367;2.51202;-17.6483
2.53;-0.14588;74.0601;2.53842;-17.684
2.54;-0.120363;73.883;2.56485;-17.7195
2.55;-0.0945823;73.7057;2.59131;-17.7547
2.56;-0.0685368;73.5279;2.6178;-17.7898
2.57;-0.0422263;73.3499;2.64431;-17.8246
2.58;-0.0156505;73.1714;2.67085;-17.8592
2.59;0.0111907;72.9927;2.6974;-17.8935
2.6;0.0382976;72.8136;2.72399;-17.9277
2.61;0.0656705;72.6341;2.75059;-17.9616
2.62;0.0933096;72.4543;2.77722;-17.9954
2.63;0.121215;72.2742;2.80387;-18.0289
2.64;0.149387;72.0938;2.83054;-18.0621
2.65;0.177826;71.913;2.85723;-18.0952
2.66;0.206532;71.7319;2.88394;-18.1281
2.67;0.235505;71.5504;2.91067;-18.1607
2.68;0.264745;71.3687;2.93741;-18.1932
2.69;0.294253;71.1866;2.96418;-18.2254
2.7;0.324029;71.0041;2.99096;-18.2574
2.71;0.354072;70.8214;3.01775;-18.2893
2.72;0.384384;70.6384;3.04456;-18.3209
2.73;0.414964;70.455;3.07139;-18.3523
2.74;0.445812;70.2713;3.09823;-18.3835
2.75;0.476928;70.0873;3.12509;-18.4145
2.76;0.508313;69.903;3.15195;-18.4453
2.77;0.539967;69.7184;3.17883;-18.4759
2.78;0.57189;69.5335;3.20572;-18.5064
2.79;0.604082;69.3483;3.23262;-18.5366
2.8;0.636543;69.1628;3.25954;-18.5666
2.81;0.669273;68.977;3.28646;-18.5964
2.82;0.702272;68.7908;3.31339;-18.6261
2.83;0.73554;68.6044;3.34033;-18.6555
2.84;0.769078;68.4177;3.36728;-18.6848
2.85;0.802886;68.2307;3.39423;-18.7138
2.86;0.836963;68.0435;3.42119;-18.7427
2.87;0.87131;67.8559;3.44816;-18.7714
2.88;0.905926;67.668;3.47513;-18.7999
2.89;0.940813;67.4799;3.50211;-18.8282
2.9;0.975969;67.2915;3.52909;-18.8564
2.91;1.01139;67.1028;3.55608;-18.8843
2.92;1.04709;66.9138;3.58306;-18.9121
2.93;1.08306;66.7245;3.61005;-18.9397
2.94;1.11929;66.535;3.63705;-18.9671
2.95;1.1558;66.3452;3.66404;-18.9943
2.96;1.19257;66.1551;3.69103;-19.0214
2.97;1.22962;65.9648;3.71803;-19.0483
2.98;1.26693;65.7741;3.74502;-19.075
2.99;1.30452;65.5833;3.77201;-19.1015
3;1.34237;65.3921;3.79901;-19.1279
3.01;1.3805;65.2007;3.82599;-19.1541
3.02;1.41889;65.009;3.85298;-19.1801
3.03;1.45756;64.8171;3.87996;-19.2059
3.04;1.49649;64.6249;3.90694;-19.2316
3.05;1.5357;64.4325;3.93391;-19.2571
3.06;1.57517;64.2398;3.96088;-19.2825
3.07;1.61491;64.0468;3.98784;-19.3077
3.08;1.65493;63.8536;4.0148;-19.3327
3.09;1.69521;63.6602;4.04175;-19.3576
3.1;1.73576;63.4665;4.06869;-19.3823
3.11;1.77658;63.2725;4.09562;-19.4068
3.12;1.81767;63.0783;4.12255;-19.4312
3.13;1.85903;62.8839;4.14947;-19.4554
3.14;1.90066;62.6892;4.17637;-19.4795
3.15;1.94256;62.4943;4.20327;-19.5034
3.16;1.98473;62.2992;4.23016;-19.5271
3.17;2.02717;62.1038;4.25703;-19.5507
3.18;2.06987;61.9081;4.2839;-19.5741
3.19;2.11284;61.7123;4.31075;-19.5974
3.2;2.15608;61.5162;4.33759;-19.6206
3.21;2.19959;61.3199;4.36441;-19.6436
3.22;2.24337;61.1233;4.39122;-19.6664
3.23;2.28742;60.9265;4.41802;-19.6891
3.24;2.33173;60.7295;4.4448;-19.7116
3.25;2.37631;60.5323;4.47157;-19.734
3.26;2.42116;60.3349;4.49832;-19.7563
3.27;2.46628;60.1372;4.52506;-19.7784
3.28;2.51167;59.9393;4.55177;-19.8004
3.29;2.55732;59.7412;4.57847;-19.8222
3.3;2.60323;59.5429;4.60516;-19.8439
3.31;2.64942;59.3443;4.63182;-19.8654
3.32;2.69587;59.1455;4.65847;-19.8868
3.33;2.74259;58.9466;4.6851;-19.9081
3.34;2.78957;58.7474;4.7117;-19.9292
3.35;2.83682;58.548;4.73829;-19.9502
3.36;2.88434;58.3484;4.76486;-19.971
3.37;2.93212;58.1486;4.7914;-19.9917
3.38;2.98017;57.9485;4.81793;-20.0123
3.39;3.02848;57.7483;4.84443;-20.0328
3.4;3.07706;57.5479;4.87091;-20.0531
3.41;3.1259;57.3473;4.89736;-20.0733
3.42;3.175;57.1464;4.92379;-20.0933
3.43;3.22437;56.9454;4.9502;-20.1133
3.44;3.27401;56.7442;4.97659;-20.1331
3.45;3.3239;56.5427;5.00295;-20.1527
3.46;3.37407;56.3411;5.02928;-20.1723
3.47;3.42449;56.1393;5.05559;-20.1917
3.48;3.47518;55.9373;5.08187;-20.211
3.49;3.52613;55.7351;5.10813;-20.2302
3.5;3.57734;55.5327;5.13436;-20.2492
3.51;3.62881;55.3301;5.16056;-20.2681
3.52;3.68055;55.1273;5.18673;-20.287
3.53;3.73255;54.9243;5.21288;-20.3056
3.54;3.78481;54.7212;5.23899;-20.3242
3.55;3.83733;54.5179;5.26508;-20.3426
3.56;3.89011;54.3143;5.29114;-20.361
3.57;3.94315;54.1106;5.31717;-20.3792
3.58;3.99645;53.9068;5.34317;-20.3973
3.59;4.05001;53.7027;5.36913;-20.4153
3.6;4.10384;53.4985;5.39507;-20.4331
3.61;4.15792;53.294;5.42097;-20.4509
3.62;4.21225;53.0894;5.44685;-20.4685
3.63;4.26685;52.8847;5.47269;-20.486
3.64;4.32171;52.6797;5.49849;-20.5034
3.65;4.37682;52.4746;5.52427;-20.5207
3.66;4.43219;52.2693;5.55001;-20.5379
3.67;4.48782;52.0638;5.57572;-20.555
3.68;4.54371;51.8582;5.60139;-20.572
3.69;4.59985;51.6524;5.62703;-20.5888
3.7;4.65625;51.4464;5.65264;-20.6056
3.71;4.7129;51.2403;5.6782;-20.6223
3.72;4.76981;51.034;5.70374;-20.6388
3.73;4.82698;50.8275;5.72923;-20.6552
3.74;4.8844;50.6209;5.7547;-20.6716
3.75;4.94207;50.4141;5.78012;-20.6878
3.76;5;50.2071;5.80551;-20.7039
3.77;5.05818;50;5.83086;-20.72
3.78;5.11662;49.7927;5.85617;-20.7359
3.79;5.1753;49.5853;5.88144;-20.7517
3.8;5.23424;49.3777;5.90668;-20.7675
3.81;5.29344;49.1699;5.93188;-20.7831
3.82;5.35288;48.962;5.95703;-20.7986
3.83;5.41258;48.754;5.98215;-20.8141
3.84;5.47253;48.5457;6.00723;-20.8294
3.85;5.53272;48.3374;6.03227;-20.8446
3.86;5.59317;48.1289;6.05727;-20.8598
3.87;5.65387;47.9202;6.08223;-20.8748
3.88;5.71481;47.7114;6.10715;-20.8898
3.89;5.77601;47.5024;6.13202;-20.9047
3.9;5.83746;47.2933;6.15686;-20.9194
3.91;5.89915;47.084;6.18165;-20.9341
3.92;5.96109;46.8746;6.2064;-20.9487
3.93;6.02328;46.665;6.23111;-20.9632
3.94;6.08571;46.4553;6.25577;-20.9776
3.95;6.14839;46.2455;6.2804;-20.9919
3.96;6.21132;46.0355;6.30497;-21.0062
3.97;6.27449;45.8253;6.32951;-21.0203
3.98;6.33791;45.6151;6.354;-21.0344
3.99;6.40157;45.4047;6.37845;-21.0483
4;6.46548;45.1941;6.40285;-21.0622
4.01;6.52963;44.9834;6.42721;-21.076
4.02;6.59402;44.7726;6.45153;-21.0897
4.03;6.65866;44.5616;6.47579;-21.1033
4.04;6.72354;44.3505;6.50002;-21.1169
4.05;6.78866;44.1393;6.5242;-21.1303
4.06;6.85402;43.9279;6.54833;-21.1437
4.07;6.91962;43.7164;6.57241;-21.157
4.08;6.98547;43.5048;6.59645;-21.1702
4.09;7.05155;43.293;6.62044;-21.1834
4.1;7.11788;43.0811;6.64439;-21.1964
4.11;7.18444;42.8691;6.66829;-21.2094
4.12;7.25124;42.6569;6.69214;-21.2223
4.13;7.31828;42.4446;6.71594;-21.2351
4.14;7.38556;42.2322;6.7397;-21.2478
4.15;7.45308;42.0197;6.7634;-21.2605
4.16;7.52083;41.807;6.78706;-21.2731
4.17;7.58882;41.5942;6.81067;-21.2856
4.18;7.65704;41.3813;6.83424;-21.298
4.19;7.7255;41.1683;6.85775;-21.3104
4.2;7.7942;40.9551;6.88121;-21.3226
4.21;7.86313;40.7418;6.90463;-21.3349
4.22;7.93229;40.5284;6.92799;-21.347
4.23;8.00169;40.3149;6.95131;-21.359
4.24;8.07132;40.1012;6.97457;-21.371
4.25;8.14118;39.8874;6.99779;-21.3829
4.26;8.21127;39.6736;7.02095;-21.3948
4.27;8.2816;39.4595;7.04407;-21.4066
4.28;8.35215;39.2454;7.06713;-21.4183
4.29;8.42294;39.0312;7.09014;-21.4299
4.3;8.49396;38.8168;7.1131;-21.4415
4.31;8.5652;38.6023;7.13601;-21.453
4.32;8.63668;38.3878;7.15887;-21.4644
4.33;8.70838;38.1731;7.18168;-21.4757
4.34;8.78031;37.9582;7.20444;-21.487
4.35;8.85247;37.7433;7.22714;-21.4982
4.36;8.92485;37.5283;7.24979;-21.5094
4.37;8.99746;37.3131;7.27239;-21.5205
4.38;9.0703;37.0979;7.29494;-21.5315
4.39;9.14336;36.8825;7.31743;-21.5425
4.4;9.21665;36.667;7.33987;-21.5534
4.41;9.29016;36.4514;7.36226;-21.5642
4.42;9.36389;36.2357;7.3846;-21.575
4.43;9.43785;36.0199;7.40688;-21.5857
4.44;9.51203;35.804;7.42911;-21.5963
4.45;9.58643;35.588;7.45128;-21.6069
4.46;9.66106;35.3719;7.4734;-21.6174
4.47;9.7359;35.1557;7.49547;-21.6278
4.48;9.81096;34.9393;7.51749;-21.6382
4.49;9.88625;34.7229;7.53945;-21.6486
4.5;9.96175;34.5064;7.56135;-21.6588
4.51;10.0375;34.2897;7.5832;-21.669
4.52;10.1134;34.073;7.605;-21.6792
4.53;10.1896;33.8561;7.62674;-21.6893
4.54;10.266;33.6392;7.64843;-21.6993
4.55;10.3425;33.4222;7.67007;-21.7093
4.56;10.4194;33.205;7.69164;-21.7192
4.57;10.4964;32.9878;7.71317;-21.7291
4.58;10.5736;32.7704;7.73464;-21.7389
4.59;10.6511;32.553;7.75605;-21.7486
4.6;10.7287;32.3355;7.77741;-21.7583
4.61;10.8066;32.1178;7.79871;-21.7679
4.62;10.8847;31.9001;7.81996;-21.7775
4.63;10.963;31.6823;7.84115;-21.787
4.64;11.0415;31.4644;7.86229;-21.7965
4.65;11.1203;31.2463;7.88337;-21.8059
4.66;11.1992;31.0282;7.90439;-21.8153
4.67;11.2784;30.81;7.92536;-21.8246
4.68;11.3577;30.5918;7.94627;-21.8338
4.69;11.4373;30.3734;7.96713;-21.843
4.7;11.5171;30.1549;7.98793;-21.8522
4.71;11.597;29.9363;8.00868;-21.8613
4.72;11.6772;29.7177;8.02936;-21.8703
4.73;11.7576;29.4989;8.04999;-21.8793
4.74;11.8382;29.2801;8.07057;-21.8882
4.75;11.919;29.0612;8.09109;-21.8971
4.76;12;28.8421;8.11155;-21.906
4.77;12.0813;28.623;8.13196;-21.9148
4.78;12.1627;28.4038;8.15231;-21.9235
4.79;12.2443;28.1846;8.1726;-21.9322
4.8;12.3261;27.9652;8.19283;-21.9408
4.81;12.4082;27.7457;8.21301;-21.9494
4.82;12.4904;27.5262;8.23313;-21.958
4.83;12.5728;27.3066;8.2532;-21.9665
4.84;12.6555;27.0869;8.2732;-21.9749
4.85;12.7383;26.8671;8.29315;-21.9833
4.86;12.8213;26.6472;8.31305;-21.9917
4.87;12.9046;26.4273;8.33288;-22
4.88;12.988;26.2072;8.35266;-22.0083
4.89;13.0716;25.9871;8.37238;-22.0165
4.9;13.1554;25.7669;8.39205;-22.0246
4.91;13.2394;25.5466;8.41166;-22.0328
4.92;13.3237;25.3262;8.43121;-22.0408
4.93;13.4081;25.1058;8.4507;-22.0489
4.94;13.4927;24.8853;8.47013;-22.0569
4.95;13.5775;24.6646;8.48951;-22.0648
4.96;13.6625;24.444;8.50883;-22.0727
4.97;13.7476;24.2232;8.5281;-22.0806
4.98;13.833;24.0023;8.5473;-22.0884
4.99;13.9186;23.7814;8.56645;-22.0962
5;14.0044;23.5604;8.58554;-22.1039
5.01;14.0903;23.3393;8.60457;-22.1116
5.02;14.1764;23.1182;8.62355;-22.1192
5.03;14.2628;22.897;8.64247;-22.1268
5.04;14.3493;22.6757;8.66133;-22.1344
5.05;14.436;22.4543;8.68013;-22.1419
5.06;14.5229;22.2328;8.69888;-22.1494
5.07;14.61;22.0113;8.71757;-22.1568
5.08;14.6972;21.7897;8.7362;-22.1642
5.09;14.7847;21.568;8.75477;-22.1716
5.1;14.8723;21.3462;8.77329;-22.1789
5.11;14.9602;21.1244;8.79174;-22.1862
5.12;15.0482;20.9025;8.81015;-22.1934
5.13;15.1364;20.6806;8.82849;-22.2006
5.14;15.2247;20.4585;8.84677;-22.2078
5.15;15.3133;20.2364;8.865;-22.2149
5.16;15.402;20.0142;8.88317;-22.222
5.17;15.491;19.792;8.90129;-22.229
5.18;15.5801;19.5696;8.91934;-22.236
5.19;15.6694;19.3472;8.93734;-22.243
5.2;15.7588;19.1248;8.95528;-22.2499
5.21;15.8485;18.9022;8.97317;-22.2568
5.22;15.9383;18.6796;8.99099;-22.2637
5.23;16.0283;18.457;9.00876;-22.2705
5.24;16.1185;18.2342;9.02647;-22.2773
5.25;16.2088;18.0114;9.04413;-22.284
5.26;16.2993;17.7886;9.06173;-22.2907
5.27;16.39;17.5656;9.07927;-22.2974
5.28;16.4809;17.3426;9.09675;-22.304
5.29;16.572;17.1195;9.11418;-22.3106
5.3;16.6632;16.8964;9.13154;-22.3172
5.31;16.7546;16.6732;9.14886;-22.3237
5.32;16.8462;16.4499;9.16611;-22.3302
5.33;16.9379;16.2266;9.18331;-22.3367
5.34;17.0299;16.0032;9.20045;-22.3431
5.35;17.1219;15.7797;9.21753;-22.3495
5.36;17.2142;15.5562;9.23456;-22.3559
5.37;17.3066;15.3326;9.25153;-22.3622
5.38;17.3992;15.1089;9.26845;-22.3685
5.39;17.492;14.8852;9.2853;-22.3748
5.4;17.5849;14.6615;9.3021;-22.381
5.41;17.678;14.4376;9.31885;-22.3872
5.42;17.7713;14.2137;9.33554;-22.3934
5.43;17.8648;13.9897;9.35217;-22.3995
5.44;17.9584;13.7657;9.36874;-22.4056
5.45;18.0521;13.5416;9.38526;-22.4117
5.46;18.1461;13.3175;9.40172;-22.4177
5.47;18.2402;13.0933;9.41813;-22.4237
5.48;18.3344;12.869;9.43448;-22.4297
5.49;18.4289;12.6447;9.45077;-22.4356
5.5;18.5234;12.4203;9.46701;-22.4415
5.51;18.6182;12.1959;9.48319;-22.4474
5.52;18.7131;11.9714;9.49931;-22.4533
5.53;18.8082;11.7468;9.51538;-22.4591
5.54;18.9034;11.5222;9.5314;-22.4649
5.55;18.9988;11.2975;9.54735;-22.4706
5.56;19.0944;11.0728;9.56326;-22.4764
5.57;19.1901;10.848;9.5791;-22.4821
5.58;19.2859;10.6231;9.59489;-22.4877
5.59;19.382;10.3982;9.61063;-22.4934
5.6;19.4782;10.1732;9.62631;-22.499
5.61;19.5745;9.94823;9.64194;-22.5046
5.62;19.671;9.72316;9.65751;-22.5101
5.63;19.7676;9.49803;9.67302;-22.5156
5.64;19.8645;9.27285;9.68848;-22.5211
5.65;19.9614;9.04761;9.70388;-22.5266
5.66;20.0585;8.82231;9.71923;-22.532
5.67;20.1558;8.59697;9.73453;-22.5375
5.68;20.2532;8.37156;9.74977;-22.5428
5.69;20.3508;8.14611;9.76496;-22.5482
5.7;20.4485;7.9206;9.78009;-22.5535
5.71;20.5464;7.69504;9.79516;-22.5588
5.72;20.6444;7.46942;9.81019;-22.5641
5.73;20.7426;7.24376;9.82515;-22.5693
5.74;20.8409;7.01804;9.84007;-22.5746
5.75;20.9394;6.79227;9.85493;-22.5798
5.76;21.038;6.56644;9.86973;-22.5849
5.77;21.1368;6.34057;9.88449;-22.5901
5.78;21.2357;6.11464;9.89918;-22.5952
5.79;21.3348;5.88866;9.91383;-22.6003
5.8;21.434;5.66264;9.92842;-22.6053
5.81;21.5333;5.43656;9.94296;-22.6104
5.82;21.6328;5.21043;9.95744;-22.6154
5.83;21.7325;4.98425;9.97187;-22.6204
5.84;21.8323;4.75802;9.98625;-22.6253
5.85;21.9322;4.53174;10.0006;-22.6303
5.86;22.0323;4.30541;10.0148;-22.6352
5.87;22.1325;4.07904;10.0291;-22.6401
5.88;22.2329;3.85261;10.0432;-22.6449
5.89;22.3334;3.62614;10.0573;-22.6498
5.9;22.434;3.39962;10.0714;-22.6546
5.91;22.5348;3.17305;10.0854;-22.6594
5.92;22.6357;2.94643;10.0994;-22.6642
5.93;22.7368;2.71976;10.1133;-22.6689
5.94;22.838;2.49305;10.1271;-22.6736
5.95;22.9393;2.26629;10.1409;-22.6783
5.96;23.0408;2.03949;10.1547;-22.683
5.97;23.1424;1.81263;10.1683;-22.6876
5.98;23.2442;1.58573;10.182;-22.6922
5.99;23.3461;1.35879;10.1956;-22.6968
6;23.4481;1.1318;10.2091;-22.7014
6.01;23.5503;0.90476;10.2226;-22.706
6.02;23.6525;0.677677;10.236;-22.7105
6.03;23.755;0.45055;10.2494;-22.715
6.04;23.8575;0.223377;10.2628;-22.7195
6.05;23.9602;-0.00384053;10.276;-22.724
